titre,categorie,date,auteur,lien,image_url
Haïti : Une Destination Unique Alliant Tourisme et Culture,Tourisme,"January 09, 2025",Appolon Guy Alain,https://haitiwonderland.com/haiti/tourisme/haiti--une-destination-unique-alliant-tourisme-et-culture/349,https://haitiwonderland.comassets/images/upload/blog/haiti-haiti--une-destination-unique-alliant-tourisme-et-culture--1736476357.jpg
"Petit-Goave, Haïti : Décryptage du 3ème week-end rara!",Culture,"April 29, 2024",Gladimyr Vaval,https://haitiwonderland.com/haiti/culture/petit-goave-haiti--decryptage-du-3eme-week-end-rara/88,https://haitiwonderland.comassets/images/upload/blog/haiti_petit-goave-haiti--decryptage-du-3eme-week-end-rara_1714447395.webp
10 Plages Incontournables à visiter en Haïti,Plage,"November 22, 2023",Appolon Guy Alain,https://haitiwonderland.com/haiti/plage/10-plages-incontournables-a-visiter-en-haiti/19,https://haitiwonderland.comassets/images/upload/blog/haiti_10-plages-incontournables-a-visiter-en-haiti_1700677694.jpg
Liste des plages les plus visitées d’Haïti,Plage,"January 05, 2025",Appolon Guy Alain,https://haitiwonderland.com/haiti/plage/liste-des-plages-les-plus-visitees-d-haiti/340,https://haitiwonderland.comassets/images/upload/blog/haiti-liste-des-plages-les-plus-visitees-d039haiti--1736121256.jpg
Qu’est-ce qui rend la soupe joumou si spéciale pour les Haïtiens ?,Cuisine,"December 11, 2024",Appolon Guy Alain,https://haitiwonderland.com/haiti/cuisine/qu-est-ce-qui-rend-la-soupe-joumou-si-speciale-pour-les-haitiens/247,https://haitiwonderland.comassets/images/upload/blog/haiti-qu-est-ce-qui-rend-la-soupe-joumou-si-speciale-pour-les-haitiens--1733917792.webp
Liste des présidents d’Haïti jusqu’en 2024,Histoire,"June 18, 2024",Haïti Wondeland,https://haitiwonderland.com/haiti/histoire/liste-des-presidents-d-haiti-jusqu-en-2024/137,https://haitiwonderland.comassets/images/upload/blog/haiti-list-of-presidents-of-haiti-until-2024-1718827663.jpeg
Pourquoi il fait beau de vivre en Haïti,Tourisme,"October 11, 2024",Appolon Guy Alain,https://haitiwonderland.com/haiti/tourisme/pourquoi-il-fait-beau-de-vivre-en-haiti/210,https://haitiwonderland.comassets/images/upload/blog/haiti-pourquoi-il-fait-beau-de-vivre-en-haiti-1728668391.jpg
Haïti été : Guide de Voyage pour une Aventure Inoubliable,Tourisme,"May 02, 2024",Appolon Guy Alain,https://haitiwonderland.com/haiti/tourisme/haiti-ete--guide-de-voyage-pour-une-aventure-inoubliable/93,https://haitiwonderland.comassets/images/upload/blog/haiti_haiti-ete--guide-de-voyage-pour-une-aventure-inoubliable_1714697791.webp
Haïti : Flore et Faune,Nature,"February 04, 2024",Haïti Wondeland,https://haitiwonderland.com/haiti/nature/haiti--flore-et-faune/35,https://haitiwonderland.comassets/images/upload/blog/haiti_haiti--flore-et-faune_1707066241.jpg
Rythmes haïtiens : Explorer les traditions musicales et dansantes,Culture,"November 22, 2023",Appolon Guy Alain,https://haitiwonderland.com/haiti/culture/rythmes-haitiens--explorer-les-traditions-musicales-et-dansantes/16,https://haitiwonderland.comassets/images/upload/blog/haiti_rythmes-haitiens--explorer-les-traditions-musicales-et-dansantes_1700673074.webp
10 raisons pour découvrir Haïti,Tourisme,"November 17, 2023",Appolon Guy Alain,https://haitiwonderland.com/haiti/tourisme/10-raisons-pour-decouvrir-haiti/5,https://haitiwonderland.comassets/images/upload/blog/haiti_10-raisons-pour-decouvrir-haiti_1700262526.jpg
Pot’iwa Pizza ouvre ses portes à Brooklyn (New York),Diaspora,"May 29, 2024",Appolon Guy Alain,https://haitiwonderland.com/haiti/diaspora/pot-iwa-pizza-ouvre-ses-portes-a-brooklyn-new-york/111,https://haitiwonderland.comassets/images/upload/blog/haiti-pot-iwa-pizza-ouvre-ses-portes-a-brooklyn-new-york-1717027396.jpeg
Les athlètes haïtiens aux Jeux Olympiques de 2024,Actualités,"July 27, 2024",Appolon Guy Alain,https://haitiwonderland.com/haiti/actualites/les-athletes-haitiens-aux-jeux-olympiques-de-2024/165,https://haitiwonderland.comassets/images/upload/blog/haiti-les-athletes-haitiens-aux-jeux-olympiques-de-2024-1722103109.jpg
Lettre à mon auteur préféré : Une initiative de CSimon Publishing et du Salon du Livre de Port-au-Prince,Littérature,"February 04, 2025",Moise Francois,https://haitiwonderland.com/haiti/litterature/lettre-a-mon-auteur-prefere--une-initiative-de-csimon-publishing-et-du-salon-du-livre-de-port-au-prince/381,https://haitiwonderland.comassets/images/upload/blog/haiti-lettre-a-mon-auteur-prefere--une-initiative-de-csimon-publishing-et-du-salon-du-livre-de-port-au-prince-1738695054.jpg
Quand la cuisine Haïtienne fait le «Buzz» : entre créativité et critiques,Cuisine,"February 03, 2025",Jeunes Influenceurs,https://haitiwonderland.com/haiti/cuisine/quand-la-cuisine-haitienne-fait-le-buzz--entre-creativite-et-critiques/379,https://haitiwonderland.comassets/images/upload/blog/haiti-quand-la-cuisine-haitienne-fait-le-buzz--entre-creativite-et-critiques-1738628029.jpg
Où est Haïti ?,Tourisme,"November 11, 2024",Appolon Guy Alain,https://haitiwonderland.com/haiti/tourisme/ou-est-haiti/228,https://haitiwonderland.comassets/images/upload/blog/haiti-ou-est-haiti-1731342518.webp
Plage Haïti : Découvrez les Plus Belles Plages du Pays,Plage,"August 12, 2024",Appolon Guy Alain,https://haitiwonderland.com/haiti/plage/plage-haiti--decouvrez-les-plus-belles-plages-du-pays/179,https://haitiwonderland.comassets/images/upload/blog/haiti-plage-haiti--decouvrez-les-plus-belles-plages-du-pays-1723470787.webp
La République des Apatrides?,Actualités,"December 25, 2024",Jean Rony Charles,https://haitiwonderland.com/haiti/actualites/la-republique-des-apatrides/316,https://haitiwonderland.comassets/images/upload/blog/haiti-la-republique-des-apatrides-1735137907.jpeg
Haïti : Retour sur le Premier Week-end Rara à Petit-Goave,Culture,"February 20, 2024",Gladimyr Vaval,https://haitiwonderland.com/haiti/culture/haiti--retour-sur-le-premier-week-end-rara-a-petit-goave/41,https://haitiwonderland.comassets/images/upload/blog/haiti_haiti--retour-sur-le-premier-week-end-a-petit-goave_1708438828.jpeg
Découvrez Cap-Haïtien : La 2ème ville d’Haïti,Ville,"May 08, 2024",Jarule Laguerre,https://haitiwonderland.com/haiti/ville/decouvrez-cap-haitien--la-2eme-ville-d-haiti/99,https://haitiwonderland.comassets/images/upload/blog/haiti-decouvrez-cap-haitien--la-2eme-ville-d-haiti-1715180972.webp
Conférence / Festival Quatre Chemins / 21e édition,Actualités,"November 29, 2024",Haïti Wondeland,https://haitiwonderland.com/haiti/actualites/conference--festival-quatre-chemins--21e-edition/238,https://haitiwonderland.comassets/images/upload/blog/haiti-conference--festival-quatre-chemins--21e-edition-1732924162.jpeg
Haïti : Lancement de la 5e Édition de SUMMER STREET avec OKAP ANN PEDALE,Ville,"August 17, 2024",Appolon Guy Alain,https://haitiwonderland.com/haiti/ville/haiti--lancement-de-la-5e-edition-de-summer-street-avec-okap-ann-pedale/184,https://haitiwonderland.comassets/images/upload/blog/haiti-haiti--lancement-de-la-5e-edition-de-summer-street-avec-okap-ann-pedale-1723909864.jpg
"Haïti Kompa : Ayo girl, Jason Derulo ft Robinson ft Mikaben",Musique,"March 03, 2024",Appolon Guy Alain,https://haitiwonderland.com/haiti/musique/haiti-kompa--ayo-girl-jason-derulo-ft-robinson-ft-mikaben/50,https://haitiwonderland.comassets/images/upload/blog/haiti_haiti-kompa--ayo-girl-jason-derulo-ft-robinson-ft-mikaben_1709474550.jpg
Retour sur Dev Expo 2024 : Le Plus Grand Événement des Développeurs Haïtiens,Technologie,"December 07, 2024",Appolon Guy Alain,https://haitiwonderland.com/haiti/technologie/retour-sur-dev-expo-2024--le-plus-grand-evenement-des-developpeurs-haitiens/243,https://haitiwonderland.comassets/images/upload/blog/haiti-retour-sur-dev-expo-2024--le-plus-grand-evenement-des-developpeurs-haitiens-1733628585.jpg
Quelle est la signification du mot « Haïti » ?,Bon à savoir,"January 13, 2025",Appolon Guy Alain,https://haitiwonderland.com/haiti/bon-a-savoir/quelle-est-la-signification-du-mot--haiti-/362,https://haitiwonderland.comassets/images/upload/blog/haiti-quelle-est-la-signification-du-mot--haiti----1736782109.jpg
Jean-Jacques Dessalines : L’homme qui défia l’esclavage dans son entièreté.,Histoire,"May 29, 2024",Moise Francois,https://haitiwonderland.com/haiti/histoire/jean-jacques-dessalines--l-homme-qui-defia-l-esclavage-dans-son-entierete/109,https://haitiwonderland.comassets/images/upload/blog/haiti-jean-jacques-dessalines--l-homme-qui-defia-l-esclavage-dans-son-entierete-1717004212.webp
"Le Webmaster haïtien : Guy Alain Appolon, une référence incontestée",Personnalité,"April 15, 2024",Haïti Wondeland,https://haitiwonderland.com/haiti/personnalite/le-webmaster-haitien--guy-alain-appolon-une-reference-incontestee/79,https://haitiwonderland.comassets/images/upload/blog/haiti_le-webmaster-haitien--guy-alain-appolon-une-reference-incontestee_1713228838.jpg
Haïti : Ministère du Tourisme,Tourisme,"February 21, 2024",Haïti Wondeland,https://haitiwonderland.com/haiti/tourisme/haiti--ministere-du-tourisme/45,https://haitiwonderland.comassets/images/upload/blog/haiti_haiti--ministere-du-tourisme_1708569163.jpg
Quelle est la population d’Haïti en 2024 ?,Bon à savoir,"December 24, 2024",Appolon Guy Alain,https://haitiwonderland.com/haiti/bon-a-savoir/quelle-est-la-population-d-haiti-en-2024/305,https://haitiwonderland.comassets/images/upload/blog/haiti-quelle-est-la-population-d039haiti-en-2024---1735063024.webp
Quelle est la superficie d’Haïti ?,Bon à savoir,"December 13, 2024",Appolon Guy Alain,https://haitiwonderland.com/haiti/bon-a-savoir/quelle-est-la-superficie-d-haiti/262,https://haitiwonderland.comassets/images/upload/blog/haiti-quelle-est-la-superficie-d-haiti---1734134067.webp
Quelle est l’importance du tourisme en Haïti ?,Tourisme,"January 04, 2025",Appolon Guy Alain,https://haitiwonderland.com/haiti/tourisme/quelle-est-l-importance-du-tourisme-en-haiti/334,https://haitiwonderland.comassets/images/upload/blog/haiti-quelle-est-l039importance-du-tourisme-en-haiti---1736042413.jpg
Pas besoin d’attendre l’été : Profitez des plages d’Haïti toute l’année !,Plage,"July 07, 2024",Appolon Guy Alain,https://haitiwonderland.com/haiti/plage/pas-besoin-d-attendre-l-ete--profitez-des-plages-d-haiti-toute-l-annee/152,https://haitiwonderland.comassets/images/upload/blog/haiti-pas-besoin-d-attendre-l-ete--profitez-des-plages-d-haiti-toute-l-annee-1720362998.webp
7 lieux touristiques en Haïti que vous devez absolument visiter,Tourisme,"December 19, 2024",Appolon Guy Alain,https://haitiwonderland.com/haiti/tourisme/7-lieux-touristiques-en-haiti-que-vous-devez-absolument-visiter/294,https://haitiwonderland.comassets/images/upload/blog/haiti-7-lieux-touristiques-en-haiti-que-vous-devez-absolument-visiter--1734625495.webp
Moïse François : Un jeune journaliste Haïtien engagé pour la littérature et le développement social,Personnalité,"February 02, 2025",Appolon Guy Alain,https://haitiwonderland.com/haiti/personnalite/moise-francois--un-jeune-journaliste-haitien-engage-pour-la-litterature-et-le-developpement-social/377,https://haitiwonderland.comassets/images/upload/blog/haiti-moise-francois--un-jeune-journaliste-haitien-engage-pour-la-litterature-et-le-developpement-social-1738506698.jpeg
Exploration culturelle : À la découverte de l’âme haïtienne,Culture,"November 22, 2023",Appolon Guy Alain,https://haitiwonderland.com/haiti/culture/exploration-culturelle--a-la-decouverte-de-l-ame-haitienne/17,https://haitiwonderland.comassets/images/upload/blog/haiti_exploration-culturelle--a-la-decouverte-de-l-ame-haitienne_1700673818.webp
"Haïti, un joyau à découvrir",Tourisme,"November 10, 2024",Appolon Guy Alain,https://haitiwonderland.com/haiti/tourisme/haiti-un-joyau-a-decouvrir/221,https://haitiwonderland.comassets/images/upload/blog/haiti-haiti-un-joyau-a-decouvrir-1731249235.jpg
"Le Makaya, histoire et pratiques vaudouesques en haïti",Culture,"December 24, 2024",Faïly Anderson Trazil,https://haitiwonderland.com/haiti/culture/le-makaya-histoire-et-pratiques-vaudouesques-en-haiti/304,https://haitiwonderland.comassets/images/upload/blog/haiti-le-makaya-histoire-et-pratiques-vaudouesques-en-haiti-1735051388.jpeg
Article 1 de la Constitution haïtienne : Les 6 termes qui définissent la République d’Haïti,Bon à savoir,"January 05, 2025",Appolon Guy Alain,https://haitiwonderland.com/haiti/bon-a-savoir/article-1-de-la-constitution-haitienne--les-6-termes-qui-definissent-la-republique-d-haiti/342,https://haitiwonderland.comassets/images/upload/blog/haiti-article-1-de-la-constitution-haitienne--les-6-termes-qui-definissent-la-republique-d-haiti--1736123550.jpg
"République d’Haïti, Terre de Liberté et de Résilience",Pays,"June 17, 2024",Haïti Wondeland,https://haitiwonderland.com/haiti/pays/republique-d-haiti-terre-de-liberte-et-de-resilience/132,https://haitiwonderland.comassets/images/upload/blog/haiti-republique-d-haiti-terre-de-liberte-et-de-resilience-1718650357.jpg
"Coupé Cloué, le roi de la musique haïtienne.",Musique,"July 15, 2024",Moise Francois,https://haitiwonderland.com/haiti/musique/coupe-cloue-le-roi-de-la-musique-haitienne/156,https://haitiwonderland.comassets/images/upload/blog/haiti-coupe-cloue-le-roi-de-la-musique-haitienne-1721059357.jpg
"La chaire de droit constitutionnel Monferrier Dorval, un geste de l’Université d’État d’Haïti, pour la préservation de la mémoire du professeur Dorval",Actualités,"October 13, 2024",Moise Francois,https://haitiwonderland.com/haiti/actualites/la-chaire-de-droit-constitutionnel-monferrier-dorval-un-geste-de-l-universite-d-etat-d-haiti-pour-la-preservation-de-la-memoire-du-professeur-dorval/211,https://haitiwonderland.comassets/images/upload/blog/haiti-the-monferrier-dorval-chair-of-constitutional-law-a-gesture-from-the-state-university-of-haiti-for-the-preservation-of-the-memory-of-professor-dorval-1728867528.jpeg
"JO 2024 : Haïti, classé 3ème parmi les tenues les plus élégantes selon Forbes",Culture,"July 26, 2024",Appolon Guy Alain,https://haitiwonderland.com/haiti/culture/jo-2024--haiti-classe-3eme-parmi-les-tenues-les-plus-elegantes-selon-forbes/163,https://haitiwonderland.comassets/images/upload/blog/haiti-jo-2024--haiti-classe-3eme-parmi-les-tenues-les-plus-elegantes-selon-forbes-1722084969.jpg
Que signifie le nom Haïti ? Histoire et contexte,Bon à savoir,"January 13, 2025",Appolon Guy Alain,https://haitiwonderland.com/haiti/bon-a-savoir/que-signifie-le-nom-haiti--histoire-et-contexte/363,https://haitiwonderland.comassets/images/upload/blog/haiti-que-signifie-le-nom-haiti--histoire-et-contexte--1736782582.webp
"Découvrir Haiti, Connaître Haiti, Promouvoir Haïti avec Le Paradis Haitien",Tourisme,"November 22, 2023",Appolon Guy Alain,https://haitiwonderland.com/haiti/tourisme/decouvrir-haiti-connaitre-haiti-promouvoir-haiti-avec-le-paradis-haitien/20,https://haitiwonderland.comassets/images/upload/blog/haiti_decouvrir-haiti-connaitre-haiti-promouvoir-haiti-avec-le-paradis-haitien_1700683619.jpg
Comment s’appelle la plus grande forêt d’Haïti ?,Bon à savoir,"December 16, 2024",Appolon Guy Alain,https://haitiwonderland.com/haiti/bon-a-savoir/comment-s-appelle-la-plus-grande-foret-d-haiti/289,https://haitiwonderland.comassets/images/upload/blog/haiti-comment-s039appelle-la-plus-grande-foret-d039haiti---1734407023.webp
Le Secteur Touristique en Haïti : Une Source de Revenus Incontournable,Tourisme,"November 30, 2024",Appolon Guy Alain,https://haitiwonderland.com/haiti/tourisme/le-secteur-touristique-en-haiti--une-source-de-revenus-incontournable/240,https://haitiwonderland.comassets/images/upload/blog/haiti-le-secteur-touristique-en-haiti--une-source-de-revenus-incontournable-1732971165.webp
Quand le talent et la richesse culturelle d’Haïti ne font qu’un.,Culture,"October 13, 2024",Jose-Dentha DENOYER,https://haitiwonderland.com/haiti/culture/quand-le-talent-et-la-richesse-culturelle-d-haiti-ne-font-qu-un/212,https://haitiwonderland.comassets/images/upload/blog/haiti-quand-le-talent-et-la-richesse-culturelle-d-haiti-ne-font-qu-un-1728868365.jpeg
Parlement francophone des jeunes : Une institution clé pour la rencontre des jeunes francophones,Langues,"February 07, 2025",Moise Francois,https://haitiwonderland.com/haiti/langues/parlement-francophone-des-jeunes--une-institution-cle-pour-la-rencontre-des-jeunes-francophones/382,https://haitiwonderland.comassets/images/upload/blog/haiti-parlement-francophone-des-jeunes--une-institution-cle-pour-la-rencontre-des-jeunes-francophones-1738954294.jpg
18 Novembre en Haïti : Commémoration de la Bataille de Vertières,Histoire,"June 17, 2024",Appolon Guy Alain,https://haitiwonderland.com/haiti/histoire/18-novembre-en-haiti--commemoration-de-la-bataille-de-vertieres/134,https://haitiwonderland.comassets/images/upload/blog/haiti-18-novembre-en-haiti--commemoration-de-la-bataille-de-vertieres-1718669746.png
"Haïti : Appolon Guy Alain, parmi les meilleurs développeurs Haïtiens",Technologie,"March 12, 2024",Haïti Wondeland,https://haitiwonderland.com/haiti/technologie/haiti--appolon-guy-alain-parmi-les-meilleurs-developpeurs-haitiens/55,https://haitiwonderland.comassets/images/upload/blog/haiti_haiti--appolon-guy-alain-parmi-les-meilleurs-developpeurs-haitiens_1710255570.jpg
Haïti Artisanat : Un Monde de Créativité,Artisanat,"February 21, 2024",Haïti Wondeland,https://haitiwonderland.com/haiti/artisanat/haiti-artisanat--un-monde-de-creativite/42,https://haitiwonderland.comassets/images/upload/blog/haiti_haiti-artisanat--un-monde-de-creativite_1708533002.jpg
Pourquoi parle-t-on français à Haïti ?,Histoire,"December 13, 2024",Appolon Guy Alain,https://haitiwonderland.com/haiti/histoire/pourquoi-parle-t-on-francais-a-haiti/258,https://haitiwonderland.comassets/images/upload/blog/haiti-pourquoi-parle-t-on-francais-a-haiti---1734130591.webp
Quelles sont les fêtes nationales en Haïti ?,Bon à savoir,"January 12, 2025",Appolon Guy Alain,https://haitiwonderland.com/haiti/bon-a-savoir/quelles-sont-les-fetes-nationales-en-haiti/359,https://haitiwonderland.comassets/images/upload/blog/haiti-quelles-sont-les-fetes-nationales-en-haiti---1736740891.jpg
10 Boissons et Desserts Typiques Haïtiens à Savourer Absolument,Cuisine,"December 16, 2024",Appolon Guy Alain,https://haitiwonderland.com/haiti/cuisine/10-boissons-et-desserts-typiques-haitiens-a-savourer-absolument/283,https://haitiwonderland.comassets/images/upload/blog/haiti-10-boissons-et-desserts-typiques-haitiens-a-savourer-absolument--1734368486.jpg
JACMEL à 3hr20 min De La Capitale d’Haïti Est La Meilleure Destination Estivale,Ville,"April 13, 2024",Faïly Anderson Trazil,https://haitiwonderland.com/haiti/ville/jacmel-a-3hr20-min-de-la-capitale-d-haiti-est-la-meilleure-destination-estivale/78,https://haitiwonderland.comassets/images/upload/blog/haiti_jacmel-a-3hr20-min-de-la-capitale-d-haiti-est-la-meilleure-destination-estivale_1713059208.jpeg
"Haïti Surf à Jacmel, le seul endroit où surfer dans un oasis zen en Haïti",Plage,"May 12, 2024",Faïly Anderson Trazil,https://haitiwonderland.com/haiti/plage/haiti-surf-a-jacmel-le-seul-endroit-ou-surfer-dans-un-oasis-zen-en-haiti/101,https://haitiwonderland.comassets/images/upload/blog/haiti-haiti-surf-a-jacmel-le-seul-endroit-ou-surfer-dans-un-oasis-zen-en-haiti-1715561518.jpeg
Découvrez l’histoire d’Haïti : Un récit fascinant à explorer!,Histoire,"April 18, 2024",Haïti Wondeland,https://haitiwonderland.com/haiti/histoire/decouvrez-l-histoire-d-haiti--un-recit-fascinant-a-explorer/81,https://haitiwonderland.comassets/images/upload/blog/haiti_haiti--pionniere-dans-l-abolition-de-l-esclavage-mondial_1713474289.webp
"Que signifie ""L’Union fait la force"" pour Haïti",Histoire,"December 13, 2024",Appolon Guy Alain,https://haitiwonderland.com/haiti/histoire/que-signifie-l-union-fait-la-force-pour-haiti/259,https://haitiwonderland.comassets/images/upload/blog/haiti-que-signifie-l039union-fait-la-force-pour-haiti--1734131158.webp
Découvrez Les Festivals en Haïti,Musique,"June 01, 2024",Haïti Wondeland,https://haitiwonderland.com/haiti/musique/decouvrez-les-festivals-en-haiti/115,https://haitiwonderland.comassets/images/upload/blog/haiti-decouvrez-les-festivals-en-haiti-1717294090.png
Haïti été : Découvrez les plages incontournables,Plage,"May 08, 2024",Appolon Guy Alain,https://haitiwonderland.com/haiti/plage/haiti-ete--decouvrez-les-plages-incontournables/100,https://haitiwonderland.comassets/images/upload/blog/haiti-haiti-ete--les-plages-incontournables-1715186951.webp
"Présentation de Haïti : Découvrez la Beauté, l’Histoire et la Culture Authentique de l’Île",Tourisme,"December 25, 2024",Appolon Guy Alain,https://haitiwonderland.com/haiti/tourisme/presentation-de-haiti--decouvrez-la-beaute-l-histoire-et-la-culture-authentique-de-l-ile/320,https://haitiwonderland.comassets/images/upload/blog/haiti-presentation-de-haiti--decouvrez-la-beaute-l039histoire-et-la-culture-authentique-de-l039ile-1735148886.webp
"Labadie, la star des plages en Haïti",Plage,"January 10, 2025",Appolon Guy Alain,https://haitiwonderland.com/haiti/plage/labadie-la-star-des-plages-en-haiti/352,https://haitiwonderland.comassets/images/upload/blog/haiti-labadie-la-star-des-plages-en-haiti--1736553451.jpg
"Médaille d’Or pour Ava Soon Lee, un Kihap Retentissant au Mexique",Actualités,"July 28, 2024",Faïly Anderson Trazil,https://haitiwonderland.com/haiti/actualites/medaille-d-or-pour-ava-soon-lee-un-kihap-retentissant-au-mexique/169,https://haitiwonderland.comassets/images/upload/blog/haiti-medaille-d-or-pour-ava-soon-lee-un-kihap-retentissant-au-mexique-1722180178.jpeg
Que veut dire Haïti ? Origine et signification du mot,Bon à savoir,"January 13, 2025",Appolon Guy Alain,https://haitiwonderland.com/haiti/bon-a-savoir/que-veut-dire-haiti--origine-et-signification-du-mot/361,https://haitiwonderland.comassets/images/upload/blog/haiti-que-veut-dire-haiti--origine-et-signification-du-mot--1736779274.webp
Top 5 plats haïtiens à cuisiner pour votre partenaire pour la Saint-Valentin,Cuisine,"February 10, 2025",Jeunes Influenceurs,https://haitiwonderland.com/haiti/cuisine/top-5-plats-haitiens-a-cuisiner-pour-votre-partenaire-pour-la-saint-valentin/383,https://haitiwonderland.comassets/images/upload/blog/haiti-top-5-plats-haitiens-a-cuisiner-pour-votre-partenaire-pour-la-saint-valentin--1739191645.jpg
"Exploration de Cayes-Jacmel, Haïti : À la découverte d’un trésor touristique et culturel.",Ville,"April 03, 2024",Grégory Henderson LEFRUIT,https://haitiwonderland.com/haiti/ville/exploration-de-cayes-jacmel-haiti--a-la-decouverte-d-un-tresor-touristique-et-culturel/70,https://haitiwonderland.comassets/images/upload/blog/haiti_exploration-de-cayes-jacmel-haiti--a-la-decouverte-d-un-tresor-touristique-et-culturel_1712192255.png
"Le Créole Haïtien est notre identité, il mérite d’être valorisé : Histoire, Origine et Evolution",Histoire,"October 03, 2024",Jarule Laguerre,https://haitiwonderland.com/haiti/histoire/le-creole-haitien-est-notre-identite-il-merite-d-etre-valorise--histoire-origine-et-evolution/201,https://haitiwonderland.comassets/images/upload/blog/haiti-le-creole-haitien-est-notre-identite-il-merite-d-etre-valorise--histoire-origine-et-evolution-1727981643.png
15 Grandes villes d’Haïti à explorer,Ville,"May 29, 2024",Appolon Guy Alain,https://haitiwonderland.com/haiti/ville/15-grandes-villes-d-haiti-a-explorer/108,https://haitiwonderland.comassets/images/upload/blog/haiti-15-grandes-villes-d-haiti-1717006929.webp
La Fête du Drapeau : Célébration de la Liberté et de l’Identité Nationale en Haïti,Histoire,"May 18, 2024",Jarule Laguerre,https://haitiwonderland.com/haiti/histoire/la-fete-du-drapeau--celebration-de-la-liberte-et-de-l-identite-nationale-en-haiti/104,https://haitiwonderland.comassets/images/upload/blog/haiti-la-fete-du-drapeau--celebration-de-la-liberte-et-de-l-identite-nationale-en-haiti-1716046823.jpg
Top 10 des Sites Touristiques à Visiter en Haïti,Tourisme,"May 31, 2024",Appolon Guy Alain,https://haitiwonderland.com/haiti/tourisme/top-10-des-sites-touristiques-a-visiter-en-haiti/113,https://haitiwonderland.comassets/images/upload/blog/haiti-top-10-des-sites-touristiques-a-visiter-en-haiti-1717213526.jpg
"HAÏTI PATRIMOINE : Le style Gingerbread,un patrimoine en danger",Patrimoine,"June 15, 2024",Wincy LINDOR,https://haitiwonderland.com/haiti/patrimoine/haiti-patrimoine--le-style-gingerbreadun-patrimoine-en-danger/125,https://haitiwonderland.comassets/images/upload/blog/haiti-haiti-patrimoine--le-style-gingerbreadun-patrimoine-en-danger-1718462620.jpeg
Bouillon pois haïtien : une tradition à revivre,Cuisine,"February 28, 2025",Jeunes Influenceurs,https://haitiwonderland.com/haiti/cuisine/bouillon-pois-haitien--une-tradition-a-revivre/397,https://haitiwonderland.comassets/images/upload/blog/haiti-bouillon-pois-haitien--une-tradition-a-revivre-1740801801.jpeg
Haïti Wonderland : Comment réécrire le récit d’Haïti sur le Web ?,Tourisme,"May 12, 2024",Toutpuissant Jefferson,https://haitiwonderland.com/haiti/tourisme/haiti-wonderland--comment-reecrire-le-recit-d-haiti-sur-le-web/102,https://haitiwonderland.comassets/images/upload/blog/haiti-haiti-wonderland--comment-reecrire-le-recit-d-haiti-sur-le-web-1715562389.png
"Avec le CLPGACH, la commune de Ganthier triomphe de l’obscurantisme  et de la dictature de l’ignorance ambiante",Littérature,"October 10, 2024",Richardson VERONE,https://haitiwonderland.com/haiti/litterature/avec-le-clpgach-la-commune-de-ganthier-triomphe-de-l-obscurantisme-et-de-la-dictature-de-l-ignorance-ambiante/208,https://haitiwonderland.comassets/images/upload/blog/haiti-avec-le-clpgach-la-commune-de-ganthier-triomphe-de-l-obscurantisme-et-de-la-dictature-de-l-ignorance-ambiante-1728574531.jpeg
Cap-Haïtien Vibre aux Couleurs de l’Été,Tourisme,"June 18, 2024",Appolon Guy Alain,https://haitiwonderland.com/haiti/tourisme/cap-haitien-vibre-aux-couleurs-de-l-ete/135,https://haitiwonderland.comassets/images/upload/blog/haiti-cap-haitien-vibrates-in-the-colors-of-summer-1718713405.jpg
Haïti Enflamme les Jeux Olympiques 2024 avec ses Tenues Éblouissantes,Culture,"July 27, 2024",Appolon Guy Alain,https://haitiwonderland.com/haiti/culture/haiti-enflamme-les-jeux-olympiques-2024-avec-ses-tenues-eblouissantes/164,https://haitiwonderland.comassets/images/upload/blog/haiti-haiti-enflamme-les-jeux-olympiques-2024-avec-ses-tenues-eblouissantes-1722086527.webp
Les architectes du chaos,Actualités,"January 17, 2025",Haïti Wondeland,https://haitiwonderland.com/haiti/actualites/les-architectes-du-chaos/372,https://haitiwonderland.comassets/images/upload/blog/haiti-les-architectes-du-chaos-1737166439.jpeg
Dans Quel Continent se Trouve Haïti ? Un Voyage au Cœur des Caraïbes,Bon à savoir,"January 09, 2025",Appolon Guy Alain,https://haitiwonderland.com/haiti/bon-a-savoir/dans-quel-continent-se-trouve-haiti--un-voyage-au-cur-des-caraibes/350,https://haitiwonderland.comassets/images/upload/blog/haiti-dans-quel-continent-se-trouve-haiti--un-voyage-au-cur-des-caraibes--1736477147.jpeg
Nanm Vodoua fait jaillir le feu d’Ogou Feray à l’Institut Français,Culture,"July 19, 2024",Faïly Anderson Trazil,https://haitiwonderland.com/haiti/culture/nanm-vodoua-fait-jaillir-le-feu-d-ogou-feray-a-l-institut-francais/158,https://haitiwonderland.comassets/images/upload/blog/haiti-nanm-vodoua-fait-jaillir-le-feu-d-ogou-feray-a-l-institut-francais-1721426085.jpeg
Journée sans téléphone : Signe d’une jeunesse en quête de connexion avec la nature,Actualités,"November 11, 2024",Moise Francois,https://haitiwonderland.com/haiti/actualites/journee-sans-telephone--signe-d-une-jeunesse-en-quete-de-connexion-avec-la-nature/231,https://haitiwonderland.comassets/images/upload/blog/haiti-journee-sans-telephone--signe-d-une-jeunesse-en-quete-de-connexion-avec-la-nature-1731377722.jpeg
Quelle est la population d’Haïti actuellement ?,Bon à savoir,"December 19, 2024",Appolon Guy Alain,https://haitiwonderland.com/haiti/bon-a-savoir/quelle-est-la-population-d-haiti-actuellement/296,https://haitiwonderland.comassets/images/upload/blog/haiti-quelle-est-la-population-d039haiti-actuellement---1734662925.webp
"Noël à Haïti : Entre Magie, Découvertes et Gourmandises",Culture,"November 25, 2023",Appolon Guy Alain,https://haitiwonderland.com/haiti/culture/noel-a-haiti--entre-magie-decouvertes-et-gourmandises/29,https://haitiwonderland.comassets/images/upload/blog/haiti_noel-a-haiti--entre-magie-decouvertes-et-gourmandises_1700924555.jpeg
Découvrez la richesse culturelle d’Haïti,Culture,"June 01, 2024",Haïti Wondeland,https://haitiwonderland.com/haiti/culture/decouvrez-la-richesse-culturelle-d-haiti/114,https://haitiwonderland.comassets/images/upload/blog/haiti-decouvrez-la-culturelle-d-haiti-1717257424.png
Salon du livre de Port-au-Prince : Triomphe des livres dans la capitale haïtienne,Actualités,"December 11, 2024",Moise Francois,https://haitiwonderland.com/haiti/actualites/salon-du-livre-de-port-au-prince--triomphe-des-livres-dans-la-capitale-haitienne/252,https://haitiwonderland.comassets/images/upload/blog/haiti-salon-du-livre-de-port-au-prince--triomphe-des-livres-dans-la-capitale-haitienne-1733955596.jpeg
7 lieux paradisiaques en Haïti à visiter absolument en 2025,Tourisme,"December 25, 2024",Appolon Guy Alain,https://haitiwonderland.com/haiti/tourisme/7-lieux-paradisiaques-en-haiti-a-visiter-absolument-en-2025/319,https://haitiwonderland.comassets/images/upload/blog/haiti-7-lieux-paradisiaques-en-haiti-a-visiter-absolument-en-2025--1735148193.jpg
"Haitiwonderland, la meilleure façon de voir haïti.",Tourisme,"July 25, 2024",Moise Francois,https://haitiwonderland.com/haiti/tourisme/haitiwonderland-la-meilleure-facon-de-voir-haiti/161,https://haitiwonderland.comassets/images/upload/blog/haiti-haitiwonderland-la-meilleure-facon-de-voir-haiti-1721920076.webp
Qu’est-ce qu’on mange en Haïti ?,Cuisine,"December 25, 2024",Appolon Guy Alain,https://haitiwonderland.com/haiti/cuisine/qu-est-ce-qu-on-mange-en-haiti/317,https://haitiwonderland.comassets/images/upload/blog/haiti-qu039est-ce-qu039on-mange-en-haiti---1735144205.jpg
Haïti et la Déclaration Universelle des Droits de l’Homme,Histoire,"June 27, 2024",Appolon Guy Alain,https://haitiwonderland.com/haiti/histoire/haiti-et-la-declaration-universelle-des-droits-de-l-homme/143,https://haitiwonderland.comassets/images/upload/blog/haiti-haiti-et-la-declaration-universelle-des-droits-de-l-homme-1719508962.jpg
"Un Voyage au Cœur de l’Héritage Précolombien : Retour sur l’Événement Survivance Arawak, Taïnos, Ciboney",Actualités,"December 11, 2024",Appolon Guy Alain,https://haitiwonderland.com/haiti/actualites/un-voyage-au-cur-de-l-heritage-precolombien--retour-sur-l-evenement-survivance-arawak-tainos-ciboney/251,https://haitiwonderland.comassets/images/upload/blog/haiti-un-voyage-au-cur-de-l-heritage-precolombien--retour-sur-l-evenement-survivance-arawak-tainos-ciboney-1733921799.jpg
Pourquoi visiter Haïti ? (7 Raisons),Tourisme,"June 27, 2024",Appolon Guy Alain,https://haitiwonderland.com/haiti/tourisme/pourquoi-visiter-haiti--7-raisons/148,https://haitiwonderland.comassets/images/upload/blog/haiti-pourquoi-visiter-haiti--7-raisons-1719514058.webp
L’avenir de l’agriculture en Haïti,Géographie,"January 12, 2025",Haïti Wondeland,https://haitiwonderland.com/haiti/geographie/l-avenir-de-l-agriculture-en-haiti/360,https://haitiwonderland.comassets/images/upload/blog/haiti-l-avenir-de-l-agriculture-en-haiti-1736741476.jpg
Quelle est la fête la plus importante en Haïti ?,Bon à savoir,"December 16, 2024",Appolon Guy Alain,https://haitiwonderland.com/haiti/bon-a-savoir/quelle-est-la-fete-la-plus-importante-en-haiti/292,https://haitiwonderland.comassets/images/upload/blog/haiti-quelle-est-la-fete-la-plus-importante-en-haiti---1734408585.webp
Les années 50 défilent à Cap-Haïtien pour un anniversaire historique,Ville,"August 16, 2024",Faïly Anderson Trazil,https://haitiwonderland.com/haiti/ville/les-annees-50-defilent-a-cap-haitien-pour-un-anniversaire-historique/183,https://haitiwonderland.comassets/images/upload/blog/haiti-les-annees-50-defilent-a-cap-haitien-pour-un-anniversaire-historique-1723829606.jpeg
"Faire un Don à Haïti Wonderland : Ensemble, Changeons l’Image d’Haïti sur Internet!",Tourisme,"December 11, 2024",Haïti Wondeland,https://haitiwonderland.com/haiti/tourisme/faire-un-don-a-haiti-wonderland--ensemble-changeons-l-image-d-haiti-sur-internet/246,https://haitiwonderland.comassets/images/upload/blog/haiti-faire-un-don-a-haiti-wonderland--ensemble-changeons-l-image-d-haiti-sur-internet-1733916579.webp
Carrefour: Lancement de la 18e édition de Week-end Poétique,Littérature,"January 26, 2025",Haïti Wondeland,https://haitiwonderland.com/haiti/litterature/carrefour-lancement-de-la-18e-edition-de-week-end-poetique/374,https://haitiwonderland.comassets/images/upload/blog/haiti-carrefour-lancement-de-la-18e-edition-de-week-end-poetique--1737903280.jpg
"Le Jacmel Jazz Festival 2024, Une Célébration Éclectique de la Musique et de la Culture Haïtiennes",Ville,"April 23, 2024",Faïly Anderson Trazil,https://haitiwonderland.com/haiti/ville/le-jacmel-jazz-festival-2024-une-celebration-eclectique-de-la-musique-et-de-la-culture-haitiennes/82,https://haitiwonderland.comassets/images/upload/blog/haiti_le-jacmel-jazz-festival-2024-une-celebration-eclectique-de-la-musique-et-de-la-culture-haitiennes_1713886056.jpeg
Découvrez Haïti virtuellement depuis chez vous,Tourisme,"August 12, 2024",Appolon Guy Alain,https://haitiwonderland.com/haiti/tourisme/decouvrez-haiti-virtuellement-depuis-chez-vous/181,https://haitiwonderland.comassets/images/upload/blog/haiti-discover-haiti-virtually-from-home-1723475537.webp
"Anténor Firmin, le génie du 19e siècle haïtien",Littérature,"September 10, 2024",Moise Francois,https://haitiwonderland.com/haiti/litterature/antenor-firmin-le-genie-du-19e-siecle-haitien/193,https://haitiwonderland.comassets/images/upload/blog/haiti-antenor-firmin-le-genie-du-19e-siecle-haitien-1726018155.jpg
Quelle est la longueur d’Haïti ?,Bon à savoir,"December 24, 2024",Haïti Wondeland,https://haitiwonderland.com/haiti/bon-a-savoir/quelle-est-la-longueur-d-haiti/311,https://haitiwonderland.comassets/images/upload/blog/haiti-quelle-est-la-longueur-d039haiti---1735069632.webp
Bienvenue en Haïti : Découvrons ensemble la beauté de ce pays,Tourisme,"June 14, 2024",Appolon Guy Alain,https://haitiwonderland.com/haiti/tourisme/bienvenue-en-haiti--decouvrons-ensemble-la-beaute-de-ce-pays/124,https://haitiwonderland.comassets/images/upload/blog/haiti-bienvenue-en-haiti--decouvrons-ensemble-la-beaute-de-ce-pays-1718384473.webp
Haïti : Symbole de Liberté,Histoire,"November 11, 2024",Appolon Guy Alain,https://haitiwonderland.com/haiti/histoire/haiti--symbole-de-liberte/225,https://haitiwonderland.comassets/images/upload/blog/haiti-haiti--symbole-de-liberte-1731330463.webp
10 Chansons de Noël Haïtiennes Inoubliables Qui Ont Marqué les Esprits,Musique,"December 15, 2024",Appolon Guy Alain,https://haitiwonderland.com/haiti/musique/10-chansons-de-noel-haitiennes-inoubliables-qui-ont-marque-les-esprits/279,https://haitiwonderland.comassets/images/upload/blog/haiti-10-chansons-de-noel-haitiennes-inoubliables-qui-marquent-les-esprits--1734269428.jpg
Pourquoi Choisir Haïti comme Destination Touristique?,Tourisme,"November 22, 2023",Appolon Guy Alain,https://haitiwonderland.com/haiti/tourisme/pourquoi-choisir-haiti-comme-destination-touristique/18,https://haitiwonderland.comassets/images/upload/blog/haiti_pourquoi-choisir-haiti-comme-destination-touristique_1700676789.webp
Qu’est-ce qui lie Haïti avec l’Afrique ? Un Pont Culturel et Historique Indestructible,Bon à savoir,"December 13, 2024",Appolon Guy Alain,https://haitiwonderland.com/haiti/bon-a-savoir/qu-est-ce-qui-lie-haiti-avec-l-afrique--un-pont-culturel-et-historique-indestructible/260,https://haitiwonderland.comassets/images/upload/blog/haiti-qu-est-ce-qui-lie-haiti-avec-l-afrique--un-pont-culturel-et-historique-indestructible-1734131808.webp
Maello ERO : Une étoile montante du rap haïtien,Musique,"July 03, 2024",Gladimyr Vaval,https://haitiwonderland.com/haiti/musique/maello-ero--une-etoile-montante-du-rap-haitien/151,https://haitiwonderland.comassets/images/upload/blog/haiti-maello-ero--une-etoile-montante-du-rap-haitien-1720056656.jpeg
Histoire d’Haïti : De 1492 à 2024,Histoire,"November 11, 2024",Appolon Guy Alain,https://haitiwonderland.com/haiti/histoire/histoire-d-haiti--de-1492-a-2024/224,https://haitiwonderland.comassets/images/upload/blog/haiti-histoire-d-haiti--de-1492-a-2024-1731329858.webp
Haïti: Acheter des voix pour se faire élire est-il une forme de corruption ou de stratégie politique ?,Actualités,"October 10, 2024",Richardson VERONE,https://haitiwonderland.com/haiti/actualites/haiti-acheter-des-voix-pour-se-faire-elire-est-il-une-forme-de-corruption-ou-de-strategie-politique/207,https://haitiwonderland.comassets/images/upload/blog/haiti-haiti-acheter-des-voix-pour-se-faire-elire-est-il-une-forme-de-corruption-ou-de-strategie-politique-1728578009.jpeg
Combien d’habitants y a-t-il en Haïti ?,Bon à savoir,"January 04, 2025",Appolon Guy Alain,https://haitiwonderland.com/haiti/bon-a-savoir/combien-d-habitants-y-a-t-il-en-haiti/336,https://haitiwonderland.comassets/images/upload/blog/haiti-combien-d-habitants-y-a-t-il-en-haiti---1736044339.webp
"Kenscoff, l’autre bout d’haïti qu’on refuse de voir",Nature,"October 03, 2024",Moise Francois,https://haitiwonderland.com/haiti/nature/kenscoff-l-autre-bout-d-haiti-qu-on-refuse-de-voir/200,https://haitiwonderland.comassets/images/upload/blog/haiti-kenscoff-l-autre-bout-d-haiti-qu-on-refuse-de-voir-1727978673.webp
12 Restaurants Incontournables à Visiter en Haïti,Cuisine,"November 24, 2023",Appolon Guy Alain,https://haitiwonderland.com/haiti/cuisine/12-restaurants-incontournables-a-visiter-en-haiti/26,https://haitiwonderland.comassets/images/upload/blog/haiti_12-restaurants-incontournables-a-visiter-en-haiti_1700877951.jpg
10 Choses à faire à Haïti,Tourisme,"November 21, 2023",Appolon Guy Alain,https://haitiwonderland.com/haiti/tourisme/10-choses-a-faire-a-haiti/8,https://haitiwonderland.comassets/images/upload/blog/haiti_10-choses-a-faire-a-haiti_1700599146.jpg
Comment est célébré le drapeau en Haïti ?,Bon à savoir,"December 11, 2024",Appolon Guy Alain,https://haitiwonderland.com/haiti/bon-a-savoir/comment-est-celebre-le-drapeau-en-haiti/250,https://haitiwonderland.comassets/images/upload/blog/haiti-comment-est-celebre-le-drapeau-en-haiti---1733919547.webp
Le saviez-vous ? Haïti a le plus grand réseau de grottes des Caraïbes.,Bon à savoir,"December 25, 2024",Appolon Guy Alain,https://haitiwonderland.com/haiti/bon-a-savoir/le-saviez-vous--haiti-a-le-plus-grand-reseau-de-grottes-des-caraibes/323,https://haitiwonderland.comassets/images/upload/blog/haiti-le-saviez-vous--haiti-a-le-plus-grand-reseau-de-grottes-des-caraibes--1735177934.jpg
"Haïti : La Cuisine Haïtienne, Parmi les Meilleures au Monde!",Cuisine,"March 09, 2024",Haïti Wondeland,https://haitiwonderland.com/haiti/cuisine/haiti--la-cuisine-haitienne-parmi-les-meilleures-au-monde/54,https://haitiwonderland.comassets/images/upload/blog/haiti_haiti--la-cuisine-haitienne-parmi-les-meilleures-au-monde_1710041005.webp
Haïti : Exploration des Activités Nautiques,Plage,"January 15, 2024",Haïti Wondeland,https://haitiwonderland.com/haiti/plage/haiti--exploration-des-activites-nautiques/32,https://haitiwonderland.comassets/images/upload/blog/haiti_haiti--exploration-des-activites-nautiques_1705376644.jpg
7 choses à savoir sur Haïti,Bon à savoir,"December 23, 2024",Appolon Guy Alain,https://haitiwonderland.com/haiti/bon-a-savoir/7-choses-a-savoir-sur-haiti/300,https://haitiwonderland.comassets/images/upload/blog/haiti-7-choses-a-savoir-sur-haiti--1734968618.webp
Quelle plage choisir en Haïti ?,Plage,"January 10, 2025",Appolon Guy Alain,https://haitiwonderland.com/haiti/plage/quelle-plage-choisir-en-haiti/353,https://haitiwonderland.comassets/images/upload/blog/haiti-quelle-plage-choisir-en-haiti---1736554270.jpg
"Le Carnaval Haïtien : Un Festival de Couleurs, de Musique et de Traditions",Culture,"November 22, 2023",Appolon Guy Alain,https://haitiwonderland.com/haiti/culture/le-carnaval-haitien--un-festival-de-couleurs-de-musique-et-de-traditions/15,https://haitiwonderland.comassets/images/upload/blog/haiti_le-carnaval-haitien--un-festival-de-couleurs-de-musique-et-de-traditions_1700672672.jpeg
Quelle est la langue principale d’Haïti ?,Bon à savoir,"December 24, 2024",Appolon Guy Alain,https://haitiwonderland.com/haiti/bon-a-savoir/quelle-est-la-langue-principale-d-haiti/312,https://haitiwonderland.comassets/images/upload/blog/haiti-quelle-est-la-langue-principale-d039haiti---1735069918.jpg
Du sang et de l’or : L’histoire d’Haïti et de la France,Histoire,"June 27, 2024",Appolon Guy Alain,https://haitiwonderland.com/haiti/histoire/du-sang-et-de-l-or--l-histoire-d-haiti-et-de-la-france/146,https://haitiwonderland.comassets/images/upload/blog/haiti-du-sang-et-de-l-or--l-histoire-d-haiti-et-de-la-france-1719510857.jpg
Sommet des Jeunes Activistes : Une jeunesse connectée et engagée pour l’avenir d’Haïti !,Actualités,"February 03, 2025",Appolon Guy Alain,https://haitiwonderland.com/haiti/actualites/sommet-des-jeunes-activistes--une-jeunesse-connectee-et-engagee-pour-l-avenir-d-haiti/380,https://haitiwonderland.comassets/images/upload/blog/haiti-sommet-des-jeunes-activistes--une-jeunesse-connectee-et-engagee-pour-l-avenir-d-haiti---1738633591.jpg
"Haïti, le pays des Antilles doté d’une histoire riche et inégalée",Histoire,"January 08, 2025",Moise Francois,https://haitiwonderland.com/haiti/histoire/haiti-le-pays-des-antilles-dote-d-une-histoire-riche-et-inegalee/346,https://haitiwonderland.comassets/images/upload/blog/haiti-haiti-le-pays-des-antilles-dote-d039une-histoire-riche-et-inegalee-1736341914.jpg
"Jean Wood Jude, dit poète silencieux, sort son tout premier recueil de Poèmes.",Personnalité,"July 25, 2024",Moise Francois,https://haitiwonderland.com/haiti/personnalite/jean-wood-jude-dit-poete-silencieux-sort-son-tout-premier-recueil-de-poemes/160,https://haitiwonderland.comassets/images/upload/blog/haiti-jean-wood-jude-dit-poete-silencieux-sort-son-tout-premier-recueil-de-poemes-1721918237.jpeg
"Haïti : La saison de Rara à Petit-Goâve : Une célébration de la vie, de l’unité et de la résilience",Culture,"February 09, 2024",Jarule Laguerre,https://haitiwonderland.com/haiti/culture/haiti--la-saison-de-rara-a-petit-goave--une-celebration-de-la-vie-de-l-unite-et-de-la-resilience/37,https://haitiwonderland.comassets/images/upload/blog/haiti_haiti--la-saison-de-rara-a-petit-goave--une-celebration-de-la-vie-de-l-unite-et-de-la-resilience_1707528625.jpeg
Lancement officiel de la Bière « Ewo » : Une Fierté Haïtienne à travers le Monde,Cuisine,"December 22, 2023",Appolon Guy Alain,https://haitiwonderland.com/haiti/cuisine/lancement-officiel-de-la-biere--ewo---une-fierte-haitienne-a-travers-le-monde/31,https://haitiwonderland.comassets/images/upload/blog/haiti_lancement-officiel-de-la-biere--ewo---une-fierte-haitienne-a-travers-le-monde_1703254358.jpg
"Emeline Michel, en concert exceptionnel à Miami",Musique,"November 13, 2024",Wincy LINDOR,https://haitiwonderland.com/haiti/musique/emeline-michel-en-concert-exceptionnel-a-miami/232,https://haitiwonderland.comassets/images/upload/blog/haiti-emeline-michel-en-concert-exceptionnel-a-miami-1731524848.jpeg
...,Bon à savoir,"January 08, 2025",Moise Francois,https://haitiwonderland.com/haiti/bon-a-savoir//347,https://haitiwonderland.comassets/images/upload/blog/haiti-cherlin-simon--l039image-d039un-jeune-dans-la-diaspora-haitienne-qui-s039active-pour-le-bien-etre-de-son-pays-1736374820.jpg
Haïti Été : Une Saison de Festivals et de Beauté Naturelle,Tourisme,"June 01, 2024",Haïti Wondeland,https://haitiwonderland.com/haiti/tourisme/haiti-ete--une-saison-de-festivals-et-de-beaute-naturelle/116,https://haitiwonderland.comassets/images/upload/blog/haiti-haiti-ete--une-saison-de-festivals-et-de-beaute-naturelle-1717297818.jpg
Le Festival Jèn Soley de KOJES : Un lieu d’échange et de rencontres culturelles,Littérature,"February 18, 2025",Moise Francois,https://haitiwonderland.com/haiti/litterature/le-festival-jen-soley-de-kojes--un-lieu-d-echange-et-de-rencontres-culturelles/389,https://haitiwonderland.comassets/images/upload/blog/haiti-festival-soley-de-kojes--un-lieu-d039echange-et-de-rencontres-culturelles-1739911456.jpg
Découvrez le Mupanah : Un Trésor Historique et Culturel d’Haïti,Histoire,"May 07, 2024",Appolon Guy Alain,https://haitiwonderland.com/haiti/histoire/decouvrez-le-mupanah--un-tresor-historique-et-culturel-d-haiti/97,https://haitiwonderland.comassets/images/upload/blog/haiti-decouvrez-le-mupanah--un-tresor-historique-et-culturel-d-haiti-1715096990.png
Recette simple et rapide de la sauce calalou haïtienne,Cuisine,"February 28, 2025",Jeunes Influenceurs,https://haitiwonderland.com/haiti/cuisine/recette-simple-et-rapide-de-la-sauce-calalou-haitienne/395,https://haitiwonderland.comassets/images/upload/blog/haiti-recette-simple-et-rapide-de-la-sauce-calalou-haitienne-1740800159.jpg
Au-delà des clichés : Découvrez la vraie Haïti,Tourisme,"May 02, 2024",Appolon Guy Alain,https://haitiwonderland.com/haiti/tourisme/au-dela-des-cliches--decouvrez-la-vraie-haiti/92,https://haitiwonderland.comassets/images/upload/blog/haiti_au-dela-des-cliches--decouvrez-la-vraie-haiti_1714664384.jpg
Quand commencent les 4 saisons en Haïti ?,Bon à savoir,"December 13, 2024",Appolon Guy Alain,https://haitiwonderland.com/haiti/bon-a-savoir/quand-commencent-les-4-saisons-en-haiti/261,https://haitiwonderland.comassets/images/upload/blog/haiti-quand-commencent-les-4-saisons-en-haiti---1734132564.jpeg
Cuisine haïtienne - Délicieux maïs à la «Bonne Femme» : À vos casseroles !,Cuisine,"February 24, 2025",Jeunes Influenceurs,https://haitiwonderland.com/haiti/cuisine/cuisine-haitienne-delicieux-mais-a-la-bonne-femme--a-vos-casseroles/392,https://haitiwonderland.comassets/images/upload/blog/haiti-cuisine-haitienne-delicieux-mais-a-la-bonne-femme--a-vos-casseroles--1740418481.jpg
"Jean-Jacques Dessalines, leader de la Révolution haïtienne",Histoire,"April 05, 2024",Jarule Laguerre,https://haitiwonderland.com/haiti/histoire/jean-jacques-dessalines-leader-de-la-revolution-haitienne/75,https://haitiwonderland.comassets/images/upload/blog/haiti_jean-jacques-dessalines-leader-de-la-revolution-haitienne_1712374243.jpg
Lieux touristique à Haiti,Tourisme,"October 25, 2023",Appolon Guy Alain,https://haitiwonderland.com/haiti/tourisme/lieux-touristique-a-haiti/21,https://haitiwonderland.comassets/images/upload/blog/haiti_haiti--joyau-des-caraibes-entre-beaute-naturelle-et-histoire-coloree_1700833441.jpg
Cap-Haïtien a vibré ce week-end avec un roadtrip et une boat party inoubliables !,Plage,"September 06, 2024",Appolon Guy Alain,https://haitiwonderland.com/haiti/plage/cap-haitien-a-vibre-ce-week-end-avec-un-roadtrip-et-une-boat-party-inoubliables/192,https://haitiwonderland.comassets/images/upload/blog/haiti-bot-party-en-haiti--roadtrip-40-1725622209.jpeg
"20 meilleurs endroits à visiter en Haïti : sites touristiques, plages et autres.",Tourisme,"May 07, 2024",Appolon Guy Alain,https://haitiwonderland.com/haiti/tourisme/20-meilleurs-endroits-a-visiter-en-haiti-sites-touristiques-plages-et-autres/98,https://haitiwonderland.comassets/images/upload/blog/haiti-les-principales-attractions-a-haiti-1715106135.webp
Haïti : Le Berceau de l’Indépendance,Histoire,"June 20, 2024",Haïti Wondeland,https://haitiwonderland.com/haiti/histoire/haiti--le-berceau-de-l-independance/141,https://haitiwonderland.comassets/images/upload/blog/haiti-haiti--le-berceau-de-l-independance-1718904624.jpg
Haïti et son incroyable Génie : Un Concours pour Valoriser la Jeunesse et le Patrimoine Haïtien,Actualités,"August 03, 2024",Appolon Guy Alain,https://haitiwonderland.com/haiti/actualites/haiti-et-son-incroyable-genie--un-concours-pour-valoriser-la-jeunesse-et-le-patrimoine-haitien/174,https://haitiwonderland.comassets/images/upload/blog/haiti-haiti-et-son-incroyable-genie--un-concours-pour-valoriser-la-jeunesse-et-le-patrimoine-haitien-1722695126.png
10 choses que vous ne savez probablement pas sur Haïti,Bon à savoir,"December 26, 2024",Appolon Guy Alain,https://haitiwonderland.com/haiti/bon-a-savoir/10-choses-que-vous-ne-savez-probablement-pas-sur-haiti/325,https://haitiwonderland.comassets/images/upload/blog/haiti-10-choses-que-vous-ne-savez-probablement-pas-sur-haiti--1735220564.webp
10 Lieux d’Aventure en Haïti,Tourisme,"December 25, 2024",Appolon Guy Alain,https://haitiwonderland.com/haiti/tourisme/10-lieux-d-aventure-en-haiti/322,https://haitiwonderland.comassets/images/upload/blog/haiti-10-lieux-d-aventure-en-haiti--1735150819.webp
"Haïti : Fort Liberté, un Joyau Historique et Culturel",Nature,"March 18, 2024",Haïti Wondeland,https://haitiwonderland.com/haiti/nature/haiti--fort-liberte-un-joyau-historique-et-culturel/60,https://haitiwonderland.comassets/images/upload/blog/haiti_haiti--fort-liberte-un-joyau-historique-et-culturel_1710804443.jpeg
Archive Technologique : Sites Web et Applications Haïtiens lancés en 2024,Technologie,"January 01, 2025",Haïti Wondeland,https://haitiwonderland.com/haiti/technologie/archive-technologique-sites-web-et-applications-haitiens-lances-en-2024/330,https://haitiwonderland.comassets/images/upload/blog/haiti-archive-technologique-sites-web-et-applications-haitiens-lances-en-2024-1735822265.jpg
Jacmel: la ville haïtienne dont l’histoire est liée à la libération de l’Amérique latine,Histoire,"January 31, 2025",Moise Francois,https://haitiwonderland.com/haiti/histoire/jacmel-la-ville-haitienne-dont-l-histoire-est-liee-a-la-liberation-de-l-amerique-latine/375,https://haitiwonderland.comassets/images/upload/blog/haiti-jacmel-la-ville-haitienne-dont-l039histoire-est-liee-a-la-liberation-de-l039amerique-latine-1738353085.jpg
Kre-Yole : Une Plateforme qui Valorise la Production Locale et la Culture Haïtienne,Production,"September 30, 2024",Appolon Guy Alain,https://haitiwonderland.com/haiti/production/kre-yole--une-plateforme-qui-valorise-la-production-locale-et-la-culture-haitienne/199,https://haitiwonderland.comassets/images/upload/blog/haiti-kre-yole--une-plateforme-qui-valorise-la-production-locale-et-la-culture-haitienne-1727703349.jpg
Haïti et son Climat,Tourisme,"June 17, 2024",Haïti Wondeland,https://haitiwonderland.com/haiti/tourisme/haiti-et-son-climat/129,https://haitiwonderland.comassets/images/upload/blog/haiti-haiti-et-son-climat-1718643739.jpg
L’amour et l’attention des Haïtiens pour leurs animaux de compagnie : un témoignage de compassion,Diaspora,"September 26, 2024",Grégory Henderson LEFRUIT,https://haitiwonderland.com/haiti/diaspora/l-amour-et-l-attention-des-haitiens-pour-leurs-animaux-de-compagnie--un-temoignage-de-compassion/197,https://haitiwonderland.comassets/images/upload/blog/haiti-l-amour-et-l-attention-des-haitiens-pour-leurs-animaux-de-compagnie--un-temoignage-de-compassion-1727370984.jpg
Quelle mer baigne Haïti ?,Bon à savoir,"December 16, 2024",Appolon Guy Alain,https://haitiwonderland.com/haiti/bon-a-savoir/quelle-mer-baigne-haiti/290,https://haitiwonderland.comassets/images/upload/blog/haiti-quelle-mer-baigne-haiti---1734407425.jpg
"Expert en SEO et UI/UX Design : Découvrez le développeur Haïtien, Appolon Guy Alain",Personnalité,"March 22, 2024",Haïti Wondeland,https://haitiwonderland.com/haiti/personnalite/expert-en-seo-et-uiux-design--decouvrez-le-developpeur-haitien-appolon-guy-alain/65,https://haitiwonderland.comassets/images/upload/blog/haiti_appolon-guy-alain-developpeur-haitien--expert-en-seo-uiux-designer-un-package-bien-rempli_1711125044.jpg
"Haïti : Histoire, Culture et Résilience d’une Nation Unique aux Caraïbes",Tourisme,"November 11, 2024",Appolon Guy Alain,https://haitiwonderland.com/haiti/tourisme/haiti--histoire-culture-et-resilience-d-une-nation-unique-aux-caraibes/227,https://haitiwonderland.comassets/images/upload/blog/haiti-haiti--histoire-culture-et-resilience-d-une-nation-unique-aux-caraibes-1731339429.webp
Quel était l’ancien nom d’Haïti ? Retour sur son passé,Bon à savoir,"January 13, 2025",Appolon Guy Alain,https://haitiwonderland.com/haiti/bon-a-savoir/quel-etait-l-ancien-nom-d-haiti--retour-sur-son-passe/366,https://haitiwonderland.comassets/images/upload/blog/haiti-quel-etait-l-ancien-nom-d-haiti--retour-sur-son-passe--1736784003.jpg
"Haïti, un pays riche appauvri",Histoire,"November 21, 2023",Haïti Wondeland,https://haitiwonderland.com/haiti/histoire/haiti-un-pays-riche-appauvri/7,https://haitiwonderland.comassets/images/upload/blog/haiti_haiti-un-pays-riche-appauvri_1700594771.jpg
Où se situe Haïti ?,Pays,"November 11, 2024",Appolon Guy Alain,https://haitiwonderland.com/haiti/pays/ou-se-situe-haiti/226,https://haitiwonderland.comassets/images/upload/blog/haiti-ou-se-situe-haiti-1731338762.jpg
CSimon Publishing : la maison d’édition qui annonce une nouvelle ère pour la littérature haïtienne,Littérature,"January 24, 2025",Moise Francois,https://haitiwonderland.com/haiti/litterature/csimon-publishing--la-maison-d-edition-qui-annonce-une-nouvelle-ere-pour-la-litterature-haitienne/373,https://haitiwonderland.comassets/images/upload/blog/haiti-csimon-publishing--la-maison-d039edition-qui-annonce-une-nouvelle-ere-pour-la-litterature-haitienne-1737747092.jpg
Constitution De La République d’Haïti : 1987 Amendée en 2011 (Deuxième partie),Bon à savoir,"January 12, 2025",Haïti Wondeland,https://haitiwonderland.com/haiti/bon-a-savoir/constitution-de-la-republique-d-haiti--1987-amendee-en-2011-deuxieme-partie/358,https://haitiwonderland.comassets/images/upload/blog/haiti-constitution-de-la-republique-d039haiti--1987-amendee-en-2011-deuxieme-partie-1736739422.jpg
Quel est le nom de la plus grande vallée d’Haïti ?,Bon à savoir,"December 24, 2024",Appolon Guy Alain,https://haitiwonderland.com/haiti/bon-a-savoir/quel-est-le-nom-de-la-plus-grande-vallee-d-haiti/309,https://haitiwonderland.comassets/images/upload/blog/haiti-quel-est-le-nom-de-la-plus-grande-vallee-d039haiti---1735066389.jpg
Quel est le nom du plus grand plateau d’Haïti ?,Bon à savoir,"December 24, 2024",Appolon Guy Alain,https://haitiwonderland.com/haiti/bon-a-savoir/quel-est-le-nom-du-plus-grand-plateau-d-haiti/310,https://haitiwonderland.comassets/images/upload/blog/haiti-quel-est-le-nom-du-plus-grand-plateau-d039haiti---1735069279.jpg
Haïti : Un Pilier Méconnu de l’Indépendance Mondiale,Histoire,"November 21, 2023",Appolon Guy Alain,https://haitiwonderland.com/haiti/histoire/haiti--un-pilier-meconnu-de-l-independance-mondiale/11,https://haitiwonderland.comassets/images/upload/blog/haiti_haiti--un-pilier-meconnu-de-l-independance-mondiale_1700614053.png
Visite virtuelle : Explorez Haïti en réalité virtuelle!,Tourisme,"February 03, 2024",Appolon Guy Alain,https://haitiwonderland.com/haiti/tourisme/visite-virtuelle--explorez-haiti-en-realite-virtuelle/34,https://haitiwonderland.comassets/images/upload/blog/haiti_haiti--visite-virtuelle_1707015232.png
Idée pour votre petit déjeuner à Haïti,Cuisine,"November 24, 2023",Appolon Guy Alain,https://haitiwonderland.com/haiti/cuisine/idee-pour-votre-petit-dejeuner-a-haiti/25,https://haitiwonderland.comassets/images/upload/blog/haiti_idee-pour-votre-petit-dejeuner-a-haiti_1700870627.jpg
"23 Août : Journée du Souvenir de la Traite Négrière et de son Abolition - Haïti, Pilier de la Liberté.",Histoire,"August 23, 2024",Appolon Guy Alain,https://haitiwonderland.com/haiti/histoire/23-aout--journee-du-souvenir-de-la-traite-negriere-et-de-son-abolition-haiti-pilier-de-la-liberte/185,https://haitiwonderland.comassets/images/upload/blog/haiti-23-aout--journee-du-souvenir-de-la-traite-negriere-et-de-son-abolition-haiti-pilier-de-la-liberte-1724416069.jpg
Planifier son Voyage à Haïti,Tourisme,"November 22, 2023",Appolon Guy Alain,https://haitiwonderland.com/haiti/tourisme/planifier-son-voyage-a-haiti/14,https://haitiwonderland.comassets/images/upload/blog/haiti_planifier-son-voyage-a-haiti_1700662547.jpeg
Pourquoi Choisir Haïti pour vos Prochaines Vacances ?,Tourisme,"November 09, 2024",Appolon Guy Alain,https://haitiwonderland.com/haiti/tourisme/pourquoi-choisir-haiti-pour-vos-prochaines-vacances/219,https://haitiwonderland.comassets/images/upload/blog/haiti-pourquoi-choisir-haiti-pour-vos-prochaines-vacances-1731202683.webp
"Histoire Riche, Culture vibrante, Beauté Naturelle, Bienvenue à Haïti",Tourisme,"April 30, 2024",Appolon Guy Alain,https://haitiwonderland.com/haiti/tourisme/histoire-riche-culture-vibrante-beaute-naturelle-bienvenue-a-haiti/89,https://haitiwonderland.comassets/images/upload/blog/haiti_histoire-riche-culture-vibrante-beaute-naturelle-bienvenue-a-haiti_1714494005.jpg
Quel est le vrai nom d’Haïti à travers l’histoire ?,Bon à savoir,"January 13, 2025",Appolon Guy Alain,https://haitiwonderland.com/haiti/bon-a-savoir/quel-est-le-vrai-nom-d-haiti-a-travers-l-histoire/365,https://haitiwonderland.comassets/images/upload/blog/haiti-quel-est-le-vrai-nom-d-haiti-a-travers-l-histoire---1736783718.webp
Bassin Bleu à Jacmel : La retraite naturelle ultime dans le sud-est d’Haïti,Nature,"February 29, 2024",Faïly Anderson Trazil,https://haitiwonderland.com/haiti/nature/bassin-bleu-a-jacmel--la-retraite-naturelle-ultime-dans-le-sud-est-d-haiti/49,https://haitiwonderland.comassets/images/upload/blog/haiti_bassin-bleu-a-jacmel--la-retraite-naturelle-ultime-dans-le-sud-est-d-haiti_1709257648.jpeg
Tout ce qu’il faut savoir sur la carte d’Haïti,Bon à savoir,"December 13, 2024",Appolon Guy Alain,https://haitiwonderland.com/haiti/bon-a-savoir/tout-ce-qu-il-faut-savoir-sur-la-carte-d-haiti/267,https://haitiwonderland.comassets/images/upload/blog/haiti-tout-ce-qu039il-faut-savoir-sur-la-carte-d039haiti--1734141102.png
1er Janvier en Haïti : Célébration de l’Indépendance,Histoire,"June 17, 2024",Appolon Guy Alain,https://haitiwonderland.com/haiti/histoire/1er-janvier-en-haiti--celebration-de-l-independance/133,https://haitiwonderland.comassets/images/upload/blog/haiti-1er-janvier-en-haiti--celebration-de-l-independance-1718669376.jpg
Haïti : Plongez dans la Sérénité de l’Étang Bossier à Cayes-Jacmel,Nature,"April 09, 2024",Faïly Anderson Trazil,https://haitiwonderland.com/haiti/nature/haiti--plongez-dans-la-serenite-de-l-etang-bossier-a-cayes-jacmel/76,https://haitiwonderland.comassets/images/upload/blog/haiti_haiti--plongez-dans-la-serenite-de-l-etang-bossier-a-cayes-jacmel_1712715406.jpeg
Recette de Soupe Joumou : Découvrez le Plat Emblématique de la Cuisine Haïtienne,Cuisine,"November 11, 2024",Appolon Guy Alain,https://haitiwonderland.com/haiti/cuisine/recette-de-soupe-joumou--decouvrez-le-plat-emblematique-de-la-cuisine-haitienne/229,https://haitiwonderland.comassets/images/upload/blog/haiti-recette-de-soupe-joumou--decouvrez-le-plat-emblematique-de-la-cuisine-haitienne-1731345136.webp
Quelle est la religion la plus populaire en Haïti ?,Bon à savoir,"December 24, 2024",Appolon Guy Alain,https://haitiwonderland.com/haiti/bon-a-savoir/quelle-est-la-religion-la-plus-populaire-en-haiti/307,https://haitiwonderland.comassets/images/upload/blog/haiti-quelle-est-la-religion-la-plus-populaire-en-haiti---1735065117.webp
Citadelle Laferrière : Le Plus Grand Monument Historique d’Haïti,Tourisme,"May 06, 2024",Haïti Wondeland,https://haitiwonderland.com/haiti/tourisme/citadelle-laferriere--le-plus-grand-monument-historique-d-haiti/95,https://haitiwonderland.comassets/images/upload/blog/haiti-citadelle-laferriere--le-plus-grand-monument-historique-d-haiti-1715043756.webp
Haïti : La Perle des Antilles,Tourisme,"November 21, 2023",Appolon Guy Alain,https://haitiwonderland.com/haiti/tourisme/haiti--la-perle-des-antilles/9,https://haitiwonderland.comassets/images/upload/blog/haiti_haiti--la-perle-des-antilles_1700604209.jpg
Le Crémas : L’une des Boissons Préférées des Haïtiens à Noël,Cuisine,"December 14, 2024",Appolon Guy Alain,https://haitiwonderland.com/haiti/cuisine/le-cremas--l-une-des-boissons-preferees-des-haitiens-a-noel/274,https://haitiwonderland.comassets/images/upload/blog/haiti-le-cremas--l039une-des-boissons-preferees-des-haitiens-a-noel--1734177559.jpg
"L’enrichissement de la France aux dépens d’Haïti, une Histoire d’Injustice et d’Exploitation",Histoire,"June 27, 2024",Appolon Guy Alain,https://haitiwonderland.com/haiti/histoire/l-enrichissement-de-la-france-aux-depens-d-haiti-une-histoire-d-injustice-et-d-exploitation/145,https://haitiwonderland.comassets/images/upload/blog/haiti-l-enrichissement-de-la-france-aux-depens-d-haiti-une-histoire-d-injustice-et-d-exploitation-1719509898.jpg
PapJazz : Le Festival de Jazz qui Fait Vibrer Haïti,Musique,"June 03, 2024",Haïti Wondeland,https://haitiwonderland.com/haiti/musique/papjazz--le-festival-de-jazz-qui-fait-vibrer-haiti/119,https://haitiwonderland.comassets/images/upload/blog/haiti-papjazz--le-festival-de-jazz-qui-fait-vibrer-haiti-1717425520.webp
Haïti / Pot’iwa Pizza : Une Odyssée Culinaire,Cuisine,"April 04, 2024",Haïti Wondeland,https://haitiwonderland.com/haiti/cuisine/haiti--pot-iwa-pizza--une-odyssee-culinaire/73,https://haitiwonderland.comassets/images/upload/blog/haiti_haiti--pot-iwa-pizza--une-odyssee-culinaire_1712204497.webp
King Graph : L’image d’un jeune Haïtien passionné par le graphic design,Personnalité,"January 05, 2025",Moise Francois,https://haitiwonderland.com/haiti/personnalite/king-graph--l-image-d-un-jeune-haitien-passionne-par-le-graphic-design/339,https://haitiwonderland.comassets/images/upload/blog/haiti-king-graph--l039image-d039un-jeune-haitien-passionne-par-le-graphic-design-1736085070.jpg
Haïti : Histoire et Géographie,Géographie,"January 09, 2025",Appolon Guy Alain,https://haitiwonderland.com/haiti/geographie/haiti--histoire-et-geographie/348,https://haitiwonderland.comassets/images/upload/blog/haiti-haiti--histoire-et-geographie-1736475923.webp
Le Club Littéraire et Philosophique de Galette- Chambon dévoile sa deuxième édition : un voyage au coeur des  livres,Littérature,"October 10, 2024",Richardson VERONE,https://haitiwonderland.com/haiti/litterature/le-club-litteraire-et-philosophique-de-galette-chambon-devoile-sa-deuxieme-edition--un-voyage-au-coeur-des-livres/205,https://haitiwonderland.comassets/images/upload/blog/haiti-le-club-litteraire-et-philosophique-de-galette-chambon-devoile-sa-deuxieme-edition--un-voyage-au-coeur-des-livres-1728577964.jpeg
La ville de Jacmel en Haïti : Une cité artistique à découvrir,Tourisme,"December 26, 2024",Appolon Guy Alain,https://haitiwonderland.com/haiti/tourisme/la-ville-de-jacmel-en-haiti--une-cite-artistique-a-decouvrir/326,https://haitiwonderland.comassets/images/upload/blog/haiti-la-ville-de-jacmel-en-haiti--une-cite-artistique-a-decouvrir--1735223271.jpg
Haïti : Tout ce que Vous Devez Savoir,Tourisme,"June 27, 2024",Appolon Guy Alain,https://haitiwonderland.com/haiti/tourisme/haiti--tout-ce-que-vous-devez-savoir/147,https://haitiwonderland.comassets/images/upload/blog/haiti-haiti--tout-ce-que-vous-devez-savoir-1719513806.jpg
Le saviez-vous ? Haïti est la première République noire indépendante,Histoire,"December 25, 2024",Appolon Guy Alain,https://haitiwonderland.com/haiti/histoire/le-saviez-vous--haiti-est-la-premiere-republique-noire-independante/324,https://haitiwonderland.comassets/images/upload/blog/haiti-le-saviez-vous--haiti-est-la-premiere-republique-noire-independante--1735178027.jpg
Le saviez-vous ? Haïti abrite le plus grand fort des Caraïbes,Tourisme,"December 24, 2024",Appolon Guy Alain,https://haitiwonderland.com/haiti/tourisme/le-saviez-vous--haiti-abrite-le-plus-grand-fort-des-caraibes/314,https://haitiwonderland.comassets/images/upload/blog/haiti-le-saviez-vous--haiti-abrite-le-plus-grand-fort-des-caraibes--1735100375.jpg
Vivre en prose et en poésie : Un pari réussi pour l’Association Culturelle Salon du Livre de Port-au-Prince,Actualités,"July 30, 2024",Moise Francois,https://haitiwonderland.com/haiti/actualites/vivre-en-prose-et-en-poesie--un-pari-reussi-pour-l-association-culturelle-salon-du-livre-de-port-au-prince/172,https://haitiwonderland.comassets/images/upload/blog/haiti-vivre-en-prose-et-en-poesie--un-pari-reussi-pour-l-association-culturelle-salon-du-livre-de-port-au-prince-1722359630.jpeg
Plage Haïti : Top 10 à ne pas manquer,Plage,"August 12, 2024",Appolon Guy Alain,https://haitiwonderland.com/haiti/plage/plage-haiti--top-10-a-ne-pas-manquer/178,https://haitiwonderland.comassets/images/upload/blog/haiti-plage-haiti--top-10-a-ne-pas-manquer-1723468016.webp
Guédés : Quand Haïti célèbre ses ancêtres avec couleur et ferveur,Culture,"November 01, 2024",Faïly Anderson Trazil,https://haitiwonderland.com/haiti/culture/guedes--quand-haiti-celebre-ses-ancetres-avec-couleur-et-ferveur/214,https://haitiwonderland.comassets/images/upload/blog/haiti-guedes--quand-haiti-celebre-ses-ancetres-avec-couleur-et-ferveur-1730470720.jpeg
"Géographie d’Haïti : Reliefs , climat et régions naturelles.",Nature,"June 03, 2024",Jarule Laguerre,https://haitiwonderland.com/haiti/nature/geographie-d-haiti--reliefs--climat-et-regions-naturelles/120,https://haitiwonderland.comassets/images/upload/blog/haiti-geographie-d-haiti--reliefs--climat-et-regions-naturelles-1717462499.jpg
12 Hôtels Incontournables en Haïti,Tourisme,"November 24, 2023",Appolon Guy Alain,https://haitiwonderland.com/haiti/tourisme/12-hotels-incontournables-en-haiti/23,https://haitiwonderland.comassets/images/upload/blog/haiti_12-hotels-incontournables-en-haiti_1700842386.jpg
MEET GALA au Cap-Haïtien : Une Soirée de Mode Éblouissante,Actualités,"June 18, 2024",Appolon Guy Alain,https://haitiwonderland.com/haiti/actualites/meet-gala-au-cap-haitien--une-soiree-de-mode-eblouissante/139,https://haitiwonderland.comassets/images/upload/blog/haiti-meet-gala-au-cap-haitien--une-soiree-de-mode-eblouissante-1718729627.jpg
"Article 2 de la Constitution haïtienne : Les couleurs nationales, un symbole d’identité",Bon à savoir,"January 05, 2025",Appolon Guy Alain,https://haitiwonderland.com/haiti/bon-a-savoir/article-2-de-la-constitution-haitienne--les-couleurs-nationales-un-symbole-d-identite/343,https://haitiwonderland.comassets/images/upload/blog/haiti-article-2-de-la-constitution-haitienne--les-couleurs-nationales-un-symbole-d-identite--1736124982.jpg
Plume en Quête : Célébration de la Femme Haïtienne à l’Alliance Française de Jacmel.,Communauté,"March 29, 2024",Jarule Laguerre,https://haitiwonderland.com/haiti/communaute/plume-en-quete--celebration-de-la-femme-haitienne-a-l-alliance-francaise-de-jacmel/68,https://haitiwonderland.comassets/images/upload/blog/haiti_plume-en-quete--celebration-de-la-femme-haitienne-a-l-alliance-francaise-de-jacmel_1711737375.jpeg
Dedikas 3.0 : Nouveau signe du soleil qui s’élève à Port-au-Prince,Actualités,"November 27, 2024",Moise Francois,https://haitiwonderland.com/haiti/actualites/dedikas-30--nouveau-signe-du-soleil-qui-s-eleve-a-port-au-prince/236,https://haitiwonderland.comassets/images/upload/blog/haiti-dedikas-30--nouveau-signe-du-soleil-qui-s-eleve-a-port-au-prince-1732755772.jpg
Sur quel continent se trouve Haïti ? Une Exploration Géographique de cette île des Caraïbes,Bon à savoir,"December 11, 2024",Appolon Guy Alain,https://haitiwonderland.com/haiti/bon-a-savoir/sur-quel-continent-se-trouve-haiti--une-exploration-geographique-de-cette-ile-des-caraibes/249,https://haitiwonderland.comassets/images/upload/blog/haiti-sur-quel-continent-se-trouve-haiti--une-exploration-geographique-de-cette-ile-des-caraibes-1733918496.webp
"Haïti, Une Destination Unique à Explorer",Tourisme,"November 09, 2024",Appolon Guy Alain,https://haitiwonderland.com/haiti/tourisme/haiti-une-destination-unique-a-explorer/218,https://haitiwonderland.comassets/images/upload/blog/haiti-haiti-une-destination-unique-a-explorer-1731201447.jpg
Quelle est l’origine de la langue créole haïtienne ? Une Histoire de Mélange et de Résilience,Culture,"December 13, 2024",Appolon Guy Alain,https://haitiwonderland.com/haiti/culture/quelle-est-l-origine-de-la-langue-creole-haitienne--une-histoire-de-melange-et-de-resilience/257,https://haitiwonderland.comassets/images/upload/blog/haiti-quelle-est-l-origine-de-la-langue-creole-haitienne--une-histoire-de-melange-et-de-resilience-1734129598.jpg
"Zoom sur Pierry Denejour, à l’occasion du sixième anniversaire de DEP-ARTS.",Actualités,"December 02, 2024",Haïti Wondeland,https://haitiwonderland.com/haiti/actualites/zoom-sur-pierry-denejour-a-l-occasion-du-sixieme-anniversaire-de-dep-arts/241,https://haitiwonderland.comassets/images/upload/blog/haiti-zoom-sur-pierre-denejour-a-l-occasion-du-sixieme-anniversaire-de-dep-arts-1733175428.jpg
"CAONABO, le premier à avoir défendu Haïti",Histoire,"March 21, 2024",Appolon Guy Alain,https://haitiwonderland.com/haiti/histoire/caonabo-le-premier-a-avoir-defendu-haiti/64,https://haitiwonderland.comassets/images/upload/blog/haiti_caonabo-le-premier-a-avoir-defendu-haiti_1711052352.jpg
Haïti : Jacmel Vibre au Son du Jazz : Une Performance Mémorable du Revival Acoustique à l’Alliance Française,Musique,"February 20, 2024",Jarule Laguerre,https://haitiwonderland.com/haiti/musique/haiti--jacmel-vibre-au-son-du-jazz--une-performance-memorable-du-revival-acoustique-a-l-alliance-francaise/40,https://haitiwonderland.comassets/images/upload/blog/haiti_haiti--jacmel-vibre-au-son-du-jazz--une-performance-memorable-du-revival-acoustique-a-l-alliance-francaise_1708437208.jpeg
Constitution De La République d’Haïti : 1987 Amendée en 2011 (Première partie),Bon à savoir,"January 12, 2025",Haïti Wondeland,https://haitiwonderland.com/haiti/bon-a-savoir/constitution-de-la-republique-d-haiti--1987-amendee-en-2011-premiere-partie/357,https://haitiwonderland.comassets/images/upload/blog/haiti-constitution-de-la-republique-d039haiti--1987-amendee-en-2011-1736726852.jpg
"Cuisine haïtienne : Préparons un délicieux ragoût de ""pye kochon"" pour ce week-end !",Cuisine,"February 28, 2025",Jeunes Influenceurs,https://haitiwonderland.com/haiti/cuisine/cuisine-haitienne--preparons-un-delicieux-ragout-de-pye-kochon-pour-ce-week-end/396,https://haitiwonderland.comassets/images/upload/blog/haiti-cuisine-haitienne--preparons-un-delicieux-ragout-de-pye-kochon-pour-ce-week-end--1740801007.jpg
Haïti Satama Hotel : Une Oasis de Luxe et de Détente à Cap-Haïtien,Tourisme,"March 03, 2024",Haïti Wondeland,https://haitiwonderland.com/haiti/tourisme/haiti-satama-hotel--une-oasis-de-luxe-et-de-detente-a-cap-haitien/51,https://haitiwonderland.comassets/images/upload/blog/haiti_haiti-satama-hotel--une-oasis-de-luxe-et-de-detente-a-cap-haitien_1709476288.jpg
Appolon Guy Alain : Web Designer de Référence en Haïti,Personnalité,"March 18, 2024",Haïti Wondeland,https://haitiwonderland.com/haiti/personnalite/appolon-guy-alain--web-designer-de-reference-en-haiti/58,https://haitiwonderland.comassets/images/upload/blog/haiti_appolon-guy-alain--web-designer-de-reference-en-haiti_1710790860.jpg
Le Saut Mathurine : Un Joyau Caché dans le sud d’Haïti,Nature,"May 22, 2024",Moise Francois,https://haitiwonderland.com/haiti/nature/le-saut-mathurine--un-joyau-cache-dans-le-sud-d-haiti/105,https://haitiwonderland.comassets/images/upload/blog/haiti-le-saut-mathurine--un-joyau-cache-dans-le-sud-d-haiti-1716420906.jpeg
Les traditions haïtiennes,Culture,"November 25, 2023",Appolon Guy Alain,https://haitiwonderland.com/haiti/culture/les-traditions-haitiennes/28,https://haitiwonderland.comassets/images/upload/blog/haiti_les-traditions-haitiennes_1700924102.webp
Cuisine Haïtienne - Le Bouillon Haïtien : un plat de convivialité,Cuisine,"February 03, 2025",Jeunes Influenceurs,https://haitiwonderland.com/haiti/cuisine/cuisine-haitienne-le-bouillon-haitien--un-plat-de-convivialite/378,https://haitiwonderland.comassets/images/upload/blog/haiti-cuisine-haitienne-le-bouillon-haitien--un-plat-de-convivialite-1738627137.webp
Labadee : L’une des Plus Belles Plages d’Haïti,Plage,"May 06, 2024",Appolon Guy Alain,https://haitiwonderland.com/haiti/plage/labadee--l-une-des-plus-belles-plages-d-haiti/96,https://haitiwonderland.comassets/images/upload/blog/haiti-labadee--l-une-des-plus-belles-plages-d-haiti-1715049315.jpg
Où est situé Haïti dans la Caraïbe ? Découvrez sa Position Géographique Unique,Bon à savoir,"December 10, 2024",Appolon Guy Alain,https://haitiwonderland.com/haiti/bon-a-savoir/ou-est-situe-haiti-dans-la-caraibe--decouvrez-sa-position-geographique-unique/245,https://haitiwonderland.comassets/images/upload/blog/haiti-ou-est-situe-haiti-dans-la-caraibe--decouvrez-sa-position-geographique-unique-1733888975.webp
Haïti : Boukanye,Cuisine,"April 03, 2024",Haïti Wondeland,https://haitiwonderland.com/haiti/cuisine/haiti--boukanye/72,https://haitiwonderland.comassets/images/upload/blog/haiti_haiti--boukanye_1712202615.webp
1er janvier 1804 : Proclamation de l’Indépendance d’Haïti,Histoire,"June 27, 2024",Appolon Guy Alain,https://haitiwonderland.com/haiti/histoire/1er-janvier-1804--proclamation-de-l-independance-d-haiti/142,https://haitiwonderland.comassets/images/upload/blog/haiti-1er-janvier-1804--proclamation-de-l-independance-d-haiti-1719508319.jpg
LESPWA : Quand l’écriture devient une lumière pour la jeunesse haïtienne,Littérature,"February 24, 2025",Appolon Guy Alain,https://haitiwonderland.com/haiti/litterature/lespwa--quand-l-ecriture-devient-une-lumiere-pour-la-jeunesse-haitienne/394,https://haitiwonderland.comassets/images/upload/blog/haiti-lespwa--quand-l039ecriture-devient-une-lumiere-pour-la-jeunesse-haitienne-1740428571.jpg
"Haïti, entre histoire, culture et beauté naturelle : Un pays à découvrir",Tourisme,"January 13, 2025",Appolon Guy Alain,https://haitiwonderland.com/haiti/tourisme/haiti-entre-histoire-culture-et-beaute-naturelle--un-pays-a-decouvrir/371,https://haitiwonderland.comassets/images/upload/blog/haiti-haiti-entre-histoire-culture-et-beaute-naturelle--un-pays-a-decouvrir--1736785901.webp
Quel est le plat le plus populaire en Haïti ?,Bon à savoir,"December 24, 2024",Appolon Guy Alain,https://haitiwonderland.com/haiti/bon-a-savoir/quel-est-le-plat-le-plus-populaire-en-haiti/313,https://haitiwonderland.comassets/images/upload/blog/haiti-quel-est-le-plat-le-plus-populaire-en-haiti---1735071030.webp
La Citadelle Laferrière en Haïti : Huitième merveille du monde ?,Tourisme,"December 24, 2024",Appolon Guy Alain,https://haitiwonderland.com/haiti/tourisme/la-citadelle-laferriere-en-haiti--huitieme-merveille-du-monde/315,https://haitiwonderland.comassets/images/upload/blog/haiti-la-citadelle-laferriere-en-haiti--huitieme-merveille-du-monde---1735101153.webp
Haïti / Fort Picolet : Gardien Historique de la Liberté,Histoire,"April 05, 2024",Appolon Guy Alain,https://haitiwonderland.com/haiti/histoire/haiti--fort-picolet--gardien-historique-de-la-liberte/74,https://haitiwonderland.comassets/images/upload/blog/haiti_haiti--fort-picolet--gardien-historique-de-la-liberte_1712375813.png
Guide pour voyager en Haïti en 2024 : Les Incontournables et Conseils de Sécurité,Diaspora,"July 10, 2024",Appolon Guy Alain,https://haitiwonderland.com/haiti/diaspora/guide-pour-voyager-en-haiti-en-2024--les-incontournables-et-conseils-de-securite/153,https://haitiwonderland.comassets/images/upload/blog/haiti-guide-pour-voyager-en-haiti-en-2024--les-incontournables-et-conseils-de-securite-1720635273.webp
Haïti : Carnaval et Rara : Regards croisés sur la Culture et l’Identité Haïtienne,Culture,"February 17, 2024",Gladimyr Vaval,https://haitiwonderland.com/haiti/culture/haiti--carnaval-et-rara--regards-croises-sur-la-culture-et-l-identite-haitienne/39,https://haitiwonderland.comassets/images/upload/blog/haiti_haiti--carnaval-et-rara--regards-croises-sur-la-culture-et-l-identite-haitienne_1708204349.jpeg
Haïti en Folie : Célébration de la Culture Haïtienne à Montréal,Diaspora,"June 02, 2024",Appolon Guy Alain,https://haitiwonderland.com/haiti/diaspora/haiti-en-folie--celebration-de-la-culture-haitienne-a-montreal/117,https://haitiwonderland.comassets/images/upload/blog/haiti-haiti-en-folie--celebration-de-la-culture-haitienne-a-montreal-1717340284.jpeg
Cathiana et Darlin mettent en valeur la culture haïtienne à travers leur union,Culture,"September 01, 2024",Appolon Guy Alain,https://haitiwonderland.com/haiti/culture/cathiana-et-darlin-mettent-en-valeur-la-culture-haitienne-a-travers-leur-union/190,https://haitiwonderland.comassets/images/upload/blog/haiti-cathiana-et-darlin-mettent-en-valeur-la-culture-haitienne-a-travers-leur-union-1725245647.jpg
18 Mai en Haïti : Célébration de la Fête du Drapeau et de l’Université,Histoire,"May 17, 2024",Appolon Guy Alain,https://haitiwonderland.com/haiti/histoire/18-mai-en-haiti--celebration-de-la-fete-du-drapeau-et-de-l-universite/103,https://haitiwonderland.comassets/images/upload/blog/haiti-18-mai-en-haiti--celebration-de-la-fete-du-drapeau-et-de-l-universite-1716002686.jpg
Le tourisme en Haïti : Une destination pleine de surprises,Tourisme,"January 04, 2025",Haïti Wondeland,https://haitiwonderland.com/haiti/tourisme/le-tourisme-en-haiti--une-destination-pleine-de-surprises/332,https://haitiwonderland.comassets/images/upload/blog/haiti-le-tourisme-en-haiti--une-destination-pleine-de-surprises-1736042159.jpg
Comment s’appelle le plus grand fleuve d’Haïti ?,Bon à savoir,"December 24, 2024",Haïti Wondeland,https://haitiwonderland.com/haiti/bon-a-savoir/comment-s-appelle-le-plus-grand-fleuve-d-haiti/308,https://haitiwonderland.comassets/images/upload/blog/haiti-comment-s039appelle-le-plus-grand-fleuve-d039haiti---1735065846.jpg
Profiter des Plages en Haïti Toute l’Été : Une Évasion Tropicale Inoubliable,Plage,"September 02, 2024",Appolon Guy Alain,https://haitiwonderland.com/haiti/plage/profiter-des-plages-en-haiti-toute-l-ete--une-evasion-tropicale-inoubliable/191,https://haitiwonderland.comassets/images/upload/blog/haiti-profiter-des-plages-en-haiti-toute-l-ete--une-evasion-tropicale-inoubliable-1725298723.jpg
KSPGKS : Une Campagne Innovante pour Sensibiliser les Jeunes Contre le VIH/SIDA,Actualités,"December 21, 2024",Appolon Guy Alain,https://haitiwonderland.com/haiti/actualites/kspgks--une-campagne-innovante-pour-sensibiliser-les-jeunes-contre-le-vihsida/299,https://haitiwonderland.comassets/images/upload/blog/haiti-kspgks--une-campagne-innovante-pour-sensibiliser-les-jeunes-contre-le-vihsida-1734782047.jpg
Pitié ou l’œuvre d’une vieille âme écrasée sous le poids d’une existence au goût d’absinthe,Littérature,"November 22, 2024",Franck S Vanéus,https://haitiwonderland.com/haiti/litterature/pitie-ou-l-uvre-d-une-vieille-ame-ecrasee-sous-le-poids-d-une-existence-au-gout-d-absinthe/234,https://haitiwonderland.comassets/images/upload/blog/haiti-pitie-ou-l-uvre-d-une-vieille-ame-ecrasee-sous-le-poids-d-une-existence-au-gout-d-absinthe-1732312743.jpeg
Voyager à Haïti : Pourquoi ? C’est Le Moment Idéal Pour Le Découvrir,Tourisme,"January 10, 2025",Haïti Wondeland,https://haitiwonderland.com/haiti/tourisme/voyager-a-haiti--pourquoi--c-est-le-moment-ideal-pour-le-decouvrir/355,https://haitiwonderland.comassets/images/upload/blog/haiti-voyager-a-haiti--pourquoi--c-est-le-moment-ideal-pour-le-decouvrir--1736555711.jpg
Jennifer EUGÈNE : Une Plume au Service de l’Humanité,Littérature,"March 06, 2025",Moise Francois,https://haitiwonderland.com/haiti/litterature/jennifer-eugene--une-plume-au-service-de-l-humanite/398,https://haitiwonderland.comassets/images/upload/blog/haiti-jennifer-eugene--une-plume-au-service-de-l-humanite-1741317597.jpg
Cap-Haïtien ou Jacmel : Quelle est la capitale touristique d’Haïti ?,Tourisme,"January 04, 2025",Appolon Guy Alain,https://haitiwonderland.com/haiti/tourisme/cap-haitien-ou-jacmel--quelle-est-la-capitale-touristique-d-haiti/333,https://haitiwonderland.comassets/images/upload/blog/haiti-cap-haitien-ou-jacmel--quelle-est-la-capitale-touristique-d039haiti--1736041875.jpg
"Vertières, Fort Mazi : Au delà des vérité historiques;",Histoire,"April 29, 2024",Gladimyr Vaval,https://haitiwonderland.com/haiti/histoire/vertieres-fort-mazi--au-dela-des-verite-historiques/87,https://haitiwonderland.comassets/images/upload/blog/haiti_vertieres-fort-mazi--au-dela-des-verite-historiques_1714446566.png
"Le Soup Joumou Haïtien, un plat symbolique et une invitation au voyage culinaire",Cuisine,"December 24, 2024",Faïly Anderson Trazil,https://haitiwonderland.com/haiti/cuisine/le-soup-joumou-haitien-un-plat-symbolique-et-une-invitation-au-voyage-culinaire/301,https://haitiwonderland.comassets/images/upload/blog/haiti-le-soup-joumou-haitien-un-plat-symbolique-et-une-invitation-au-voyage-culinaire-1735048885.jpeg
"Noël en Haïti : Traditions, Festivités et Saveurs Uniques à Découvrir",Culture,"December 13, 2024",Appolon Guy Alain,https://haitiwonderland.com/haiti/culture/noel-en-haiti--traditions-festivites-et-saveurs-uniques-a-decouvrir/268,https://haitiwonderland.comassets/images/upload/blog/haiti-noel-en-haiti--traditions-festivites-et-saveurs-uniques-a-decouvrir--1734141887.jpg
Haïti : Meilleure destination touristique pour passer l’été,Tourisme,"November 25, 2023",Appolon Guy Alain,https://haitiwonderland.com/haiti/tourisme/haiti--meilleure-destination-touristique-pour-passer-l-ete/30,https://haitiwonderland.comassets/images/upload/blog/haiti_haiti-best-tourist-destination-to-spend-the-summer_1700927479.jpg
7 Desserts Haïtiens qui Vous Feront Saliver,Cuisine,"December 16, 2024",Appolon Guy Alain,https://haitiwonderland.com/haiti/cuisine/7-desserts-haitiens-qui-vous-feront-saliver/284,https://haitiwonderland.comassets/images/upload/blog/haiti-7-desserts-haitiens-qui-vous-feront-saliver--1734369323.webp
L’Impact des Héros Haïtiens à la Bataille de Savannah,Histoire,"September 16, 2024",Moise Francois,https://haitiwonderland.com/haiti/histoire/l-impact-des-heros-haitiens-a-la-bataille-de-savannah/195,https://haitiwonderland.comassets/images/upload/blog/haiti-l-impact-des-heros-haitiens-a-la-bataille-de-savannah-1726506065.jpg
Comment Célèbre-t-on le Carnaval en Haïti ? Une Explosion de Couleurs et de Culture,Culture,"December 12, 2024",Appolon Guy Alain,https://haitiwonderland.com/haiti/culture/comment-celebre-t-on-le-carnaval-en-haiti--une-explosion-de-couleurs-et-de-culture/253,https://haitiwonderland.comassets/images/upload/blog/haiti-comment-celebre-t-on-le-carnaval-en-haiti--une-explosion-de-couleurs-et-de-culture--1734005363.jpg
Haïti : L’Histoire de la Première Nation Noire Libre du Monde,Histoire,"November 21, 2023",Appolon Guy Alain,https://haitiwonderland.com/haiti/histoire/haiti--l-histoire-de-la-premiere-nation-noire-libre-du-monde/10,https://haitiwonderland.comassets/images/upload/blog/haiti_haiti--l-histoire-de-la-premiere-nation-noire-libre-du-monde_1700613621.jpg
Quinzaine de la diplomatie: plaidoirie du CEPOD pour une diplomatie haïtienne éfficace,Actualités,"October 31, 2024",Moise Francois,https://haitiwonderland.com/haiti/actualites/quinzaine-de-la-diplomatie-plaidoirie-du-cepod-pour-une-diplomatie-haitienne-efficace/213,https://haitiwonderland.comassets/images/upload/blog/haiti-quinzaine-de-la-diplomatie-plaidoirie-du-cepod-pour-une-diplomatie-haitienne-efficace-1730418007.jpeg
Philippe Dodard : le célèbre artiste qui a orné les tenues des athlètes haïtiens pour les JO 2024,Diaspora,"July 27, 2024",Appolon Guy Alain,https://haitiwonderland.com/haiti/diaspora/philippe-dodard--le-celebre-artiste-qui-a-orne-les-tenues-des-athletes-haitiens-pour-les-jo-2024/167,https://haitiwonderland.comassets/images/upload/blog/haiti-philippe-dodard--le-celebre-artiste-qui-a-orne-les-tenues-des-athletes-haitiens-pour-les-jo-2024-1722129432.jpg
Haïti : Révolution Historique et Impact Mondial,Histoire,"June 27, 2024",Appolon Guy Alain,https://haitiwonderland.com/haiti/histoire/haiti--revolution-historique-et-impact-mondial/144,https://haitiwonderland.comassets/images/upload/blog/haiti-haiti--revolution-historique-et-impact-mondial-1719509328.webp
Beven amène Haïti parmi l’élite du slam mondial,Actualités,"November 17, 2024",Moise Francois,https://haitiwonderland.com/haiti/actualites/beven-amene-haiti-parmi-l-elite-du-slam-mondial/233,https://haitiwonderland.comassets/images/upload/blog/haiti-beven-amene-haiti-parmi-l-elite-du-slam-mondial-1731872351.jpeg
Quels sont les départements d’Haïti ?,Bon à savoir,"January 04, 2025",Appolon Guy Alain,https://haitiwonderland.com/haiti/bon-a-savoir/quels-sont-les-departements-d-haiti/337,https://haitiwonderland.comassets/images/upload/blog/haiti-quels-sont-les-departements-d-haiti---1736044558.jpg
"Haïti, Joyau des Caraïbes au Climat Idyllique",Tourisme,"June 17, 2024",Appolon Guy Alain,https://haitiwonderland.com/haiti/tourisme/haiti-joyau-des-caraibes-au-climat-idyllique/128,https://haitiwonderland.comassets/images/upload/blog/haiti-haiti-joyau-des-caraibes-au-climat-idyllique-1718642038.jpg
Plage Haïti : Top 10 des Destinations Immanquables pour les Vacances,Plage,"August 12, 2024",Appolon Guy Alain,https://haitiwonderland.com/haiti/plage/plage-haiti--top-10-des-destinations-immanquables-pour-les-vacances/180,https://haitiwonderland.comassets/images/upload/blog/haiti-plage-haiti--top-10-des-destinations-immanquables-pour-les-vacances-1723471193.webp
Mache Ayisyen : Une Initiative de Phanord Cabé pour Booster la Production Nationale Haïtienne,Entrepreneuriat,"March 07, 2025",Moise Francois,https://haitiwonderland.com/haiti/entrepreneuriat/mache-ayisyen--une-initiative-de-phanord-cabe-pour-booster-la-production-nationale-haitienne/399,https://haitiwonderland.comassets/images/upload/blog/haiti-mache-ayisyen--une-initiative-de-phanord-cabe-pour-booster-la-production-nationale-haitienne-1741405662.jpg
Qui étaient les premiers habitants d’Haïti ? Histoire des Taïnos,Bon à savoir,"January 13, 2025",Appolon Guy Alain,https://haitiwonderland.com/haiti/bon-a-savoir/qui-etaient-les-premiers-habitants-d-haiti--histoire-des-tainos/367,https://haitiwonderland.comassets/images/upload/blog/haiti-qui-etaient-les-premiers-habitants-d-haiti--histoire-des-tainos--1736784216.jpg
Stella Jean : l’étoile Italo-Haïtienne qui a fait briller Haïti aux JO 2024,Diaspora,"July 27, 2024",Appolon Guy Alain,https://haitiwonderland.com/haiti/diaspora/stella-jean--l-etoile-italo-haitienne-qui-a-fait-briller-haiti-aux-jo-2024/166,https://haitiwonderland.comassets/images/upload/blog/haiti-stella-jean--l-etoile-italo-haitienne-qui-fait-briller-haiti-aux-jo-2024-de-paris-1722125079.jpg
Haïti : Lancement officiel du Coding Club Cap-Haïtien !,Actualités,"March 09, 2024",Haïti Wondeland,https://haitiwonderland.com/haiti/actualites/haiti--lancement-officiel-du-coding-club-cap-haitien/52,https://haitiwonderland.comassets/images/upload/blog/haiti_haiti--lancement-officiel-du-coding-club-cap-haitien_1710004484.jpg
Comment s’appelle le plus grand lac d’Haïti ?,Bon à savoir,"December 16, 2024",Appolon Guy Alain,https://haitiwonderland.com/haiti/bon-a-savoir/comment-s-appelle-le-plus-grand-lac-d-haiti/291,https://haitiwonderland.comassets/images/upload/blog/haiti-comment-s039appelle-le-plus-grand-lac-d039haiti---1734407955.jpg
"Génie en Herbe à Saint-Marc, Haïti : Une Première Édition Qui Marque les Esprits",Actualités,"June 17, 2024",Appolon Guy Alain,https://haitiwonderland.com/haiti/actualites/genie-en-herbe-a-saint-marc-haiti--une-premiere-edition-qui-marque-les-esprits/127,https://haitiwonderland.comassets/images/upload/blog/haiti-genie-en-herbe-a-saint-marc-haiti--une-premiere-edition-qui-marque-les-esprits-1718627211.jpeg
Le Compas Haïtien : Un Voyage Musical et Culturel,Musique,"November 22, 2023",Haïti Wondeland,https://haitiwonderland.com/haiti/musique/le-compas-haitien--un-voyage-musical-et-culturel/13,https://haitiwonderland.comassets/images/upload/blog/haiti_le-compas-haitien--un-voyage-musical-et-culturel_1700661125.jpg
Haïti Wonderland : La Technologie au Service du Narratif Haïtien,Technologie,"November 21, 2023",Haïti Wondeland,https://haitiwonderland.com/haiti/technologie/haiti-wonderland--la-technologie-au-service-du-narratif-haitien/6,https://haitiwonderland.comassets/images/upload/blog/haiti_haiti-wonderland--la-technologie-au-service-du-narratif-haitien_1700586972.jpg
Sumfest : Un festival à ne pas rater en Haïti en été,Culture,"June 02, 2024",Appolon Guy Alain,https://haitiwonderland.com/haiti/culture/sumfest--un-festival-a-ne-pas-rater-en-haiti-en-ete/118,https://haitiwonderland.comassets/images/upload/blog/haiti-sumfest--un-festival-a-ne-pas-rater-en-haiti-en-ete-1717351391.jpg
Quel est le premier président de la République d’Haïti ?,Histoire,"December 19, 2024",Appolon Guy Alain,https://haitiwonderland.com/haiti/histoire/quel-est-le-premier-president-de-la-republique-d-haiti/298,https://haitiwonderland.comassets/images/upload/blog/haiti-quel-est-le-premier-president-de-la-republique-d039haiti---1734664550.jpg
Les Repas de Noël en Haïti : Un Moment de Partage et de Convivialité,Cuisine,"December 14, 2024",Appolon Guy Alain,https://haitiwonderland.com/haiti/cuisine/les-repas-de-noel-en-haiti--un-moment-de-partage-et-de-convivialite/272,https://haitiwonderland.comassets/images/upload/blog/haiti-les-repas-de-noel-en-haiti--un-moment-de-partage-et-de-convivialite--1734176308.webp
"Première mondiale de ""Because of Love"" de Fednaelle François à New York",Diaspora,"July 28, 2024",Faïly Anderson Trazil,https://haitiwonderland.com/haiti/diaspora/premiere-mondiale-de-because-of-love-de-fednaelle-francois-a-new-york/170,https://haitiwonderland.comassets/images/upload/blog/haiti-premiere-mondiale-de-because-of-love-de-fednaelle-francois-a-new-york-1722180994.jpeg
"Haïti, un paradis tropical au cœur des Caraïbes",Tourisme,"November 09, 2024",Appolon Guy Alain,https://haitiwonderland.com/haiti/tourisme/haiti-un-paradis-tropical-au-cur-des-caraibes/220,https://haitiwonderland.comassets/images/upload/blog/haiti-haiti-un-paradis-tropical-au-cur-des-caraibes-1731213362.jpg
Quelle est la devise nationale d’Haïti ?,Bon à savoir,"December 24, 2024",Appolon Guy Alain,https://haitiwonderland.com/haiti/bon-a-savoir/quelle-est-la-devise-nationale-d-haiti/306,https://haitiwonderland.comassets/images/upload/blog/haiti-quelle-est-la-devise-nationale-d039haiti---1735063759.jpg
Comment est l’Été en Haïti ? Une Saison Chaude et Animée à Découvrir,Tourisme,"December 13, 2024",Appolon Guy Alain,https://haitiwonderland.com/haiti/tourisme/comment-est-l-ete-en-haiti--une-saison-chaude-et-animee-a-decouvrir/254,https://haitiwonderland.comassets/images/upload/blog/haiti-comment-est-l039ete-en-haiti--une-saison-chaude-et-animee-a-decouvrir-1734125250.jpg
Haïti et le prix de l’indépendance,Histoire,"June 18, 2024",Appolon Guy Alain,https://haitiwonderland.com/haiti/histoire/haiti-et-le-prix-de-l-independance/136,https://haitiwonderland.comassets/images/upload/blog/haiti-haiti-et-le-prix-de-l-independance-1718715224.jpg
Découvrez pourquoi voyager à Haïti est une expérience inoubliable,Tourisme,"January 10, 2025",Appolon Guy Alain,https://haitiwonderland.com/haiti/tourisme/decouvrez-pourquoi-voyager-a-haiti-est-une-experience-inoubliable/356,https://haitiwonderland.comassets/images/upload/blog/haiti-decouvrez-pourquoi-voyager-a-haiti-est-une-experience-inoubliable--1736556412.jpg
La Dessalinienne : Hymne National d’Haïti,Histoire,"May 29, 2024",Appolon Guy Alain,https://haitiwonderland.com/haiti/histoire/la-dessalinienne--hymne-national-d-haiti/110,https://haitiwonderland.comassets/images/upload/blog/haiti-la-dessalinienne--hymne-national-d-haiti-1717004051.jpg
Liste des 25 Meilleurs Plats Haïtiens en 2025 : Un Voyage au Cœur de la Cuisine Haïtienne,Cuisine,"February 10, 2025",Appolon Guy Alain,https://haitiwonderland.com/haiti/cuisine/liste-des-25-meilleurs-plats-haitiens-en-2025--un-voyage-au-cur-de-la-cuisine-haitienne/386,https://haitiwonderland.comassets/images/upload/blog/haiti-liste-des-25-meilleurs-plats-haitiens-en-2025--un-voyage-au-cur-de-la-cuisine-haitienne-1739209347.jpg
Haïti : À la découverte du Lac de Péligre,Patrimoine,"March 18, 2024",Haïti Wondeland,https://haitiwonderland.com/haiti/patrimoine/haiti--a-la-decouverte-du-lac-de-peligre/61,https://haitiwonderland.comassets/images/upload/blog/haiti_haiti--a-la-decouverte-du-lac-de-peligre_1710805154.jpg
7 raisons qui font la fierté d’Haïti,Tourisme,"December 19, 2024",Appolon Guy Alain,https://haitiwonderland.com/haiti/tourisme/7-raisons-qui-font-la-fierte-d-haiti/295,https://haitiwonderland.comassets/images/upload/blog/haiti-7-raisons-qui-font-la-fierte-d-haiti--1734628163.webp
Haïti est dans quel continent ?,Bon à savoir,"December 16, 2024",Appolon Guy Alain,https://haitiwonderland.com/haiti/bon-a-savoir/haiti-est-dans-quel-continent/286,https://haitiwonderland.comassets/images/upload/blog/haiti-haiti-est-dans-quel-continent---1734405647.webp
"Haïti Camping et Découverte : AN N AL KANPE à Kenscoff et Furcy, Une Aventure Inoubliable",Nature,"August 12, 2024",Appolon Guy Alain,https://haitiwonderland.com/haiti/nature/haiti-camping-et-decouverte--an-n-al-kanpe-a-kenscoff-et-furcy-une-aventure-inoubliable/177,https://haitiwonderland.comassets/images/upload/blog/haiti-haiti-camping-et-decouverte--an-n-al-kanpe-a-kenscoff-et-furcy-une-aventure-inoubliable-1723461024.jpg
"Haïti : ""Kanbiz Toupatou"", le nouveau jeu de Katkat Games c’est pour bientôt!",Jeux,"March 10, 2024",Appolon Guy Alain,https://haitiwonderland.com/haiti/jeux/haiti--kanbiz-toupatou--le-nouveau-jeu-de-katkat-games-c-est-pour-bientot/53,https://haitiwonderland.comassets/images/upload/blog/haiti_haiti----le-nouveau-jeu-de-katkat-games-c-est-pour-bientot_1710035153.png
IMANA de DarlinJohancy,Littérature,"November 28, 2024",Haïti Wondeland,https://haitiwonderland.com/haiti/litterature/imana-de-darlinjohancy/237,https://haitiwonderland.comassets/images/upload/blog/haiti-imana-de-darlinjohancy-1732813921.jpeg
Melchie Daëlle Dumornay : la pépite haïtienne en lice pour le titre de meilleure joueuse de la CONCACAF,Actualités,"July 28, 2024",Grégory Henderson LEFRUIT,https://haitiwonderland.com/haiti/actualites/melchie-daelle-dumornay--la-pepite-haitienne-en-lice-pour-le-titre-de-meilleure-joueuse-de-la-concacaf/168,https://haitiwonderland.comassets/images/upload/blog/haiti-melchie-daelle-dumornay--etoile-du-football-haitien-elue-meilleure-joueuse-de-la-concacaf-1722178688.jpg
"7 plages en Haïti qui vous feront rêver : Beauté, Sérénité et Richesse Naturelle",Plage,"December 19, 2024",Appolon Guy Alain,https://haitiwonderland.com/haiti/plage/7-plages-en-haiti-qui-vous-feront-rever--beaute-serenite-et-richesse-naturelle/293,https://haitiwonderland.comassets/images/upload/blog/haiti-7-plages-en-haiti-qui-vous-feront-rever--beaute-serenite-et-richesse-naturelle--1734621776.jpg
Haïti : la perle des Antiles,Tourisme,"October 26, 2023",Appolon Guy Alain,https://haitiwonderland.com/haiti/tourisme/haiti--la-perle-des-antiles/4,https://haitiwonderland.comassets/images/upload/blog/haiti_haiti_1698345529.jpg
Quelle est la devise d’Haïti ?,Bon à savoir,"December 13, 2024",Appolon Guy Alain,https://haitiwonderland.com/haiti/bon-a-savoir/quelle-est-la-devise-d-haiti/263,https://haitiwonderland.comassets/images/upload/blog/haiti-quelle-est-la-devise-d-haiti---1734138344.jpg
Où est Haïti sur la carte du monde ?,Bon à savoir,"December 16, 2024",Appolon Guy Alain,https://haitiwonderland.com/haiti/bon-a-savoir/ou-est-haiti-sur-la-carte-du-monde/287,https://haitiwonderland.comassets/images/upload/blog/haiti-ou-est-haiti-sur-la-carte-du-monde---1734406164.webp
